6,Deadwood Treefolk
1,Moonmist
1,Trespassing Souleater
2,Zameck Guildmage
3,Elder of Laurels
4,Rout
2,High Priest of Penance
1,Cobra Trap
1,Relearn
3,Sangromancer
1,Lord of the Accursed
1,Eyeblight's Ending
1,Ashen Powder
1,Raiders' Spoils
1,Skyhunter Skirmisher
2,Simic Fluxmage
1,Otherworldly Journey
1,Dust Corona
2,Ichor Wellspring
1,Tempered Steel
1,Font of Mythos
1,Reiver Demon
1,Retether
3,Avacyn's Pilgrim
3,Aquastrand Spider
2,Temple Garden
1,Cataclysmic Gearhulk
2,Rolling Thunder
1,Concentrate
1,Thundercloud Shaman
3,Khalni Gem
2,Caves of Koilos
1,Cryptic Gateway
2,Righteous Aura
1,Rashmi Eternities Crafter
3,Kalonian Twingrove
1,Confront the Unknown
2,Ethersworn Shieldmage
1,Tahngarth Talruum Hero
10,Sandstone Oracle
1,Skarrg the Rage Pits
1,Fool's Demise
1,Cao Cao Lord of Wei
1,Bonded Fetch
1,Elvish Bard
1,Molten Disaster
1,Rishkar Peema Renegade
2,Slumbering Dragon
1,Syndicate Trafficker
3,Day of Judgment
1,Goblin Fireslinger
1,Harbor Serpent
1,Skyward Eye Prophets
2,Uril the Miststalker
1,Overgrown Tomb
1,Breath of Darigaaz
1,Ampryn Tactician
3,Odric Master Tactician
4,Second Harvest
1,Eladamri's Vineyard
2,Lim-Dul's Vault
1,Avacynian Priest
4,Karmic Guide
3,Cultural Exchange
1,Giant Harbinger
1,Immolating Souleater
2,Sphinx's Tutelage
1,Pewter Golem
1,Watery Grave
1,Shard Convergence
1,Mesmeric Fiend
1,Shared Triumph
1,Sydri Galvanic Genius
1,Mindswipe
1,Spearpoint Oread
7,Crystal Ball
2,Prodigal Sorcerer
1,Travel Preparations
7,High Market
7,Arcanis the Omnipotent
1,Nightmare
8,Frontier Bivouac
1,Savage Silhouette
1,Sultai Ascendancy
10,Wood Elves
1,Call to the Netherworld
6,Twilight Drover
4,Tyrant's Familiar
1,Voidmage Husher
1,Unscythe Killer of Kings
1,Griffin Sentinel
4,Secure the Wastes
1,Psychic Possession
1,Zoetic Cavern
2,Shrine of Burning Rage
1,Sarkhan's Triumph
1,Gaea's Revenge
2,Crovax Ascendant Hero
1,Mirran Spy
1,Hunting Wilds
2,Sudden Reclamation
1,Wake Thrasher
1,Fiery Mantle
2,Creakwood Liege
1,Village Bell-Ringer
3,Thief of Blood
2,Ghoulcaller's Chant
2,Sprouting Thrinax
6,Volcanic Vision
1,Woodripper
1,Ovalchase Dragster
4,Agent of Erebos
2,Retreat to Emeria
1,Archmage Ascension
2,Center Soul
1,Hero's Blade
3,Tempt with Immortality
4,Grand Abolisher
1,Vanguard of Brimaz
2,Skeleton Shard
1,Lone Rider
2,Pestermite
1,Children of Korlis
1,Descendants' Path
2,Phantom Flock
1,Vermiculos
1,Fangren Firstborn
10,Rise from the Grave
11,Return to Dust
1,Syphon Mind
1,Armored Galleon
1,Cho-Manno Revolutionary
1,Intangible Virtue
1,Polymorphous Rush
1,Hammerfist Giant
2,Sporeback Troll
1,Spidersilk Armor
5,Alloy Myr
1,Voldaren Pariah
2,Twincast
2,Zhur-Taa Druid
1,Anafenza Kin-Tree Spirit
7,Talrand Sky Summoner
1,Careful Study
3,Geth's Grimoire
1,Yeva Nature's Herald
6,Nylea God of the Hunt
1,Wurmweaver Coil
1,Rattlechains
1,Kavu Climber
1,Words of Wilding
1,Curse of Inertia
2,Feat of Resistance
4,Kessig Wolf Run
3,Soul's Attendant
1,Goldmeadow Harrier
1,Shattered Crypt
1,Enduring Scalelord
2,Abzan Beastmaster
1,Magus of the Will
2,Umbra Mystic
17,Acidic Slime
1,Servant of Tymaret
2,Boros Reckoner
4,Endless One
1,Clockwork Gnomes
1,Beacon of Creation
1,Serene Steward
1,Isperia the Inscrutable
6,Bojuka Bog
1,Triplicate Spirits
3,Aeon Chronicler
1,Psychotic Fury
2,Tunnel Vision
22,Selesnya Guildgate
5,Verduran Enchantress
1,Orcish Oriflamme
6,Taurean Mauler
1,Talas Warrior
1,Pious Kitsune
2,Ib Halfheart Goblin Tactician
8,Blatant Thievery
1,Vengeful Dead
3,Arbiter of the Ideal
1,Evolutionary Escalation
1,Ulvenwald Captive
1,Phyrexian Swarmlord
2,Righteous Authority
2,Last Thoughts
2,Final-Sting Faerie
1,Hermit Druid
9,Falkenrath Noble
2,Undead Alchemist
1,Rise/Fall
1,Falkenrath Exterminator
7,Brutalizer Exarch
1,Shiv's Embrace
1,Elusive Krasis
3,Soul Stair Expedition
3,Demonlord of Ashmouth
2,Brute Force
2,Mirari
2,Wilderness Elemental
2,Ghoultree
3,Bone Shredder
13,Dictate of Erebos
1,Mul Daya Channelers
1,Serum Tank
1,Worst Fears
1,Phyrexia's Core
5,Gelatinous Genesis
1,Dwarven Lieutenant
11,Puppeteer Clique
3,Hurricane
1,Valley Rannet
1,Full Moon's Rise
2,Goblin Bushwhacker
1,Piracy Charm
4,Wrexial the Risen Deep
1,All Suns' Dawn
1,Goblin Warrens
2,Thespian's Stage
1,Prescient Chimera
4,Jhessian Thief
4,Diviner Spirit
1,Sisay's Ring
1,Roar of the Wurm
26,Palace Siege
1,Lure
1,Manor Gargoyle
1,Voracious Cobra
1,Goblin Game
7,Glaring Spotlight
1,Lavamancer's Skill
1,Isolation Zone
1,Flurry of Wings
2,Cathodion
1,Scrabbling Claws
3,Lantern Scout
4,Rites of Flourishing
3,Unflinching Courage
2,Infernal Offering
1,Spined Fluke
1,Ambassador Laquatus
1,Mighty Leap
1,Goblin Marshal
1,Mine Excavation
1,Brilliant Ultimatum
1,Asylum Visitor
3,Indomitable Archangel
1,Wishmonger
2,Ambush Viper
1,Armored Ascension
1,Illusion of Choice
1,Path of Bravery
1,Consulate Crackdown
2,Nuisance Engine
4,Desert Twister
1,Reef Shaman
1,Vengeful Pharaoh
6,Overwhelming Intellect
1,Earwig Squad
1,Reroute
1,Golgari Germination
1,Heartbeat of Spring
1,Anticipate
1,Rite of Undoing
1,Blood Mist
10,Wayfarer's Bauble
2,Infinite Reflection
1,Augury Owl
8,Inferno Titan
1,Synod Artificer
2,Rishkar's Expertise
5,Consuming Aberration
1,Thermo-Alchemist
5,Treasury Thrull
1,Vortex Elemental
5,Distant Melody
1,Geist of the Archives
18,Mask of Avacyn
3,Invisible Stalker
2,Fate Forgotten
108,Terramorphic Expanse
1,Sunscour
1,Ironshell Beetle
4,Winds of Rath
1,Riptide Director
2,Empty the Pits
16,Azorius Signet
2,Life's Legacy
3,Auratouched Mage
2,Blazing Archon
5,Word of Seizing
1,Spectral Shepherd
1,Hallowed Healer
1,Quest for the Holy Relic
3,Phenax God of Deception
5,Buried Ruin
8,Siege-Gang Commander
1,Stone-Seeder Hierophant
2,Summoning Station
6,Gisela Blade of Goldnight
1,Armed / Dangerous
1,Joraga Bard
5,Ghostly Prison
10,Avenger of Zendikar
1,Rush of Knowledge
1,Bone Dancer
1,Talas Researcher
1,Cabal Slaver
2,Eater of Hope
1,Blinkmoth Urn
1,Unquestioned Authority
1,Homarid Spawning Bed
2,Hex Parasite
3,Spirit of the Labyrinth
1,Orchard Warden
1,Suffer the Past
70,Commander's Sphere
7,Grixis Panorama
3,Roil Elemental
1,Living Death
2,Debt to the Deathless
2,Retreat to Kazandu
1,Seraph of the Masses
1,Satyr Hedonist
1,Tome Scour
1,Phage the Untouchable
1,Might Makes Right
1,Demolition Stomper
1,Stone Quarry
1,Ember Gale
4,Drifting Meadow
1,Rattleblaze Scarecrow
3,Orzhov Cluestone
2,Unstable Obelisk
1,Jinxed Ring
1,Padeem Consul of Innovation
1,Thirst for Knowledge
19,Warstorm Surge
2,Diabolic Servitude
8,Banishing Light
1,Deep-Sea Kraken
1,Vedalken Engineer
1,Candles' Glow
1,Shrike Harpy
3,Celestial Mantle
1,Isolated Chapel
1,Lodestone Myr
1,Mizzix of the Izmagnus
1,Morselhoarder
1,Lavalanche
3,Pull from the Deep
1,Etched Champion
6,Ghost Quarter
1,Plague Belcher
1,Ordeal of Thassa
1,Gruul War Plow
2,Utvara Hellkite
8,Wear / Tear
1,Chalice of Life
3,Kuro Pitlord
2,Stormsurge Kraken
4,Curiosity
1,Pheres-Band Centaurs
1,Phyrexian Crusader
1,Brine Elemental
2,Graf Harvest
1,Expedition Raptor
3,Martyr's Cause
1,Whirlpool Warrior
1,Time to Reflect
1,Ezuri Claw of Progress
1,Hythonia the Cruel
3,Amphin Pathmage
2,Regal Force
1,Death Cloud
4,Death Denied
5,Deathreap Ritual
3,Sigil of the Empty Throne
1,Orzhov Advokist
6,Colossus of Akros
1,Salvage Slasher
1,Dramatic Reversal
1,Sanity Gnawers
1,Call the Bloodline
3,Psychic Strike
1,Whip Silk
2,Yahenni Undying Partisan
1,Ainok Guide
1,Serra's Embrace
2,Interpret the Signs
2,Foundry Inspector
2,Volcanic Rush
3,Prophet of Kruphix
1,Lieutenants of the Guard
8,Corpse Augur
1,Barbed Battlegear
1,Void Winnower
2,Volcanic Geyser
4,Angelic Field Marshal
1,Capital Punishment
1,Pyre Hound
2,Plaguemaw Beast
1,Ephemeral Shields
1,Fishliver Oil
6,Savage Lands
1,Thrasios Triton Hero
1,Terra Ravager
5,Wight of Precinct Six
1,Consul's Shieldguard
3,Shadows of the Past
1,Exquisite Archangel
1,Sylvan Safekeeper
1,Brass Squire
1,Merfolk Skyscout
1,Drake Umbra
2,Boonweaver Giant
1,Counterlash
1,Wispweaver Angel
1,Obsessive Skinner
5,Mystic Retrieval
2,Emerge Unscathed
1,Familiar Ground
1,Guul Draz Assassin
4,Eldrazi Monument
7,Crux of Fate
11,Conjurer's Closet
5,Perilous Forays
1,Enthralling Victor
4,Ink-Eyes Servant of Oni
1,Font of Fertility
1,Illuminated Folio
1,Desert
1,Bontu the Glorified
33,Skullclamp
1,Ulvenwald Tracker
2,Pestilence
5,Supplant Form
1,Phyrexian Processor
1,Skarrg Guildmage
2,Scourge of Nel Toth
1,Pia Nalaar
2,Phantom Wings
1,Ageless Entity
2,Boldwyr Intimidator
1,Narnam Renegade
1,Warp World
1,See Beyond
1,Harness by Force
1,Riverwheel Aerialists
6,Extract from Darkness
2,Quicksmith Genius
1,Urborg Volcano
1,Copperhorn Scout
1,Selesnya Guildmage
1,Helm of Awakening
1,Haunted Crossroads
2,Ajani's Pridemate
1,Dragon Grip
1,Selvala's Charge
1,Erebos's Emissary
1,Royal Assassin
1,Paradox Engine
5,Vivid Marsh
1,Defy Death
4,Galvanoth
1,Spike Breeder
4,Ray of Command
1,Wild Research
1,Blast of Genius
1,Attrition
1,Oracle of Bones
3,Thopter Engineer
4,Waste Not
3,Whelming Wave
2,Arbor Colossus
10,Sepulchral Primordial
1,Blood Crypt
1,Zada Hedron Grinder
1,Pitiless Horde
1,Boreal Shelf
1,Voracious Dragon
3,Flesh Carver
1,Burning Inquiry
3,Gilt-Leaf Winnower
1,Myr Sire
4,Kor Cartographer
2,Ayli Eternal Pilgrim
1,Steelshaper's Gift
11,Clone
1,Goblin Scouts
1,Entreat the Angels
1,Slaughter
4,Tormenting Voice
1,Silverglade Elemental
1,Dwarven Patrol
1,Sphinx's Disciple
1,Clickslither
1,Living Hive
1,Path to Exile
1,Umbral Mantle
1,Decree of Savagery
5,Frontline Medic
1,Jeskai Barricade
5,Grasslands
1,Order of Succession
1,Speedway Fanatic
1,Tortoise Formation
1,Cascade Bluffs
1,Boiling Blood
2,Banshee of the Dread Choir
3,Cackling Fiend
3,Magmaquake
8,Fertilid
1,Vow of Malice
2,Kydele Chosen of Kruphix
2,Scythe Specter
4,Doom Blade
3,Ninja of the Deep Hours
6,Forgotten Ancient
1,Zuran Orb
2,Triskelion
1,Twilight Mire
1,Engulf the Shore
1,Bloodsoaked Champion
3,Kothophed Soul Hoarder
6,Rakdos Charm
2,Saproling Symbiosis
4,Second Sunrise
5,Stampeding Elk Herd
3,Pathbreaker Ibex
3,Rapacious One
1,Angelic Chorus
3,Oath of Lieges
1,Dimir Charm
1,Knacksaw Clique
2,Treasure Hunter
6,Outpost Siege
1,Phyrexian Marauder
1,Ballista Charger
1,Knight Exemplar
1,Species Gorger
1,Krark-Clan Engineers
2,Quicksmith Spy
1,Ire Shaman
1,Briarpack Alpha
1,Daybreak Ranger
1,Fruit of the First Tree
16,Blasphemous Act
2,Skeletal Scrying
1,Near-Death Experience
1,Ghor-Clan Rampager
1,Pollenbright Wings
2,Copper Myr
4,Karmic Justice
1,Rubblebelt Raiders
25,Boros Garrison
1,Disaster Radius
1,Fyndhorn Elves
3,Defiant Bloodlord
1,Talisman of Unity
1,Merfolk Seastalkers
2,Words of Wisdom
1,Shattered Perception
2,Myr Propagator
5,Moldgraf Monstrosity
4,Mystic Monastery
1,Goblin Dark-Dwellers
24,Barren Moor
1,Nearheath Pilgrim
1,Ethereal Usher
23,Gruul Turf
2,Dovescape
3,Elgaud Shieldmate
4,Vault of the Archangel
1,Phyrexian Lens
1,Elvish Guidance
1,Halimar Depths
5,Soul of Theros
1,Rosheen Meanderer
1,Boltwing Marauder
2,Conqueror's Pledge
8,Polluted Mire
3,Tranquil Expanse
2,No Rest for the Wicked
1,Veteran Explorer
1,Clever Impersonator
1,Coastal Tower
1,Paladin of Prahv
1,Fists of Ironwood
1,Horde of Notions
2,Aphetto Alchemist
4,Increasing Ambition
1,Fire-Lit Thicket
2,Erratic Portal
10,Golgari Signet
1,Hanweir Battlements
6,Fireshrieker
2,Deputy of Acquittals
1,Bloodshot Trainee
2,Nivix Guildmage
4,Luminate Primordial
2,Whims of the Fates
1,Noetic Scales
4,Daretti Scrap Savant
2,Sire Of Insanity
5,Goldnight Commander
1,Wall of Blood
1,Banisher Priest
1,Greater Gargadon
3,Shadowborn Demon
1,Malakir Soothsayer
2,Shelter
1,Eternity Vessel
1,Blazing Shoal
1,Winding Constrictor
1,Go for the Throat
1,Lotleth Troll
2,Dictate of Kruphix
3,Mirror Mockery
1,Alchemist's Refuge
1,Death by Dragons
1,Confusion in the Ranks
4,Precinct Captain
2,Feral Hydra
10,Artisan of Kozilek
1,Godless Shrine
3,Ruric Thar the Unbowed
1,Dauntless Onslaught
11,Reliquary Tower
1,Collective Defiance
1,Ancestral Statue
1,Kytheon's Irregulars
1,Tainted Sigil
2,Back to Nature
1,Tempting Licid
1,Shivan Gorge
1,Planar Outburst
1,Magmatic Insight
1,Parallel Thoughts
1,Dragon Shadow
2,Awakening Zone
1,Academy Rector
1,Roc Egg
1,Curse of Wizardry
2,Constant Mists
1,Maelstrom Wanderer
7,Victory's Herald
7,Ordeal of Nylea
9,Molten Primordial
53,Command Tower
1,Okiba-Gang Shinobi
1,Tomorrow Azami's Familiar
8,Basalt Monolith
2,Faerie Artisans
3,Ancient Grudge
1,Utopia Tree
3,Bladewing the Risen
1,Sprinting Warbrute
4,Wild Ricochet
1,Drana Liberator of Malakir
1,Cinder Barrens
4,Sunforger
4,Altar of Dementia
2,Sylvan Ranger
1,Curse of Bloodletting
4,Primeval Protector
1,Temur Banner
1,Mind Spring
2,Wingmate Roc
1,Void Stalker
1,Rakdos Shred-Freak
3,Skullmulcher
5,Chained to the Rocks
23,Azorius Chancery
3,Drogskol Reaver
2,Spike Feeder
9,Archfiend of Depravity
4,Celestial Ancient
1,Delirium Skeins
1,Solidarity of Heroes
1,Ghoulcaller's Bell
1,Traitorous Blood
3,Tajic Blade of the Legion
1,Mer-Ek Nightblade
1,Forced March
31,Dismal Backwater
1,Doubling Season
2,Ryusei the Falling Star
1,Bloodline Keeper
4,Unburial Rites
3,Increasing Devotion
4,Kuldotha Forgemaster
1,Mortis Dogs
2,Codex Shredder
1,Cast Through Time
4,Night Soil
1,Quirion Explorer
1,Thought Courier
1,Explorer's Scope
2,Sphinx Ambassador
1,Deep Analysis
7,Caged Sun
1,Retreat to Hagra
1,Deadeye Harpooner
1,Guiltfeeder
3,Forbid
1,Kiora's Follower
2,Undying Rage
20,Life's Finale
1,Erdwal Illuminator
1,No Quarter
1,Reflecting Pool
1,Scout the Borders
2,Prophetic Prism
1,Cryptolith Rite
26,Cultivate
5,Moriok Replica
1,Predatory Nightstalker
2,Kamahl Fist of Krosa
1,Vulshok Sorcerer
2,Flood Plain
3,Azami Lady of Scrolls
1,Gatstaf Shepherd
2,Unbreathing Horde
1,Blood Seeker
5,Herald of the Pantheon
2,Valorous Stance
1,Coercive Portal
5,Emeria The Sky Ruin
7,Soul's Fire
4,Freed from the Real
1,Immortal Servitude
3,Helldozer
1,Hedron-Field Purists
2,Ashen Rider
1,Bond Beetle
1,Call to Mind
1,Flow of Ideas
2,Celestial Crusader
3,Palisade Giant
1,Grove of the Guardian
1,Blood Vassal
1,Clockwork Beetle
1,Birchlore Rangers
5,Tainted Wood
1,Regal Behemoth
1,Identity Thief
1,Odric Lunarch Marshal
2,Cold-Eyed Selkie
2,Omnath Locus of Rage
1,Crimson Wisps
1,Godo Bandit Warlord
1,Augury Adept
1,Strength from the Fallen
1,Insolent Neonate
1,Wispmare
1,Stitcher's Apprentice
2,Master Thief
6,Crumbling Necropolis
3,Vengeful Archon
1,Quest for the Goblin Lord
2,Ash Barrens
1,Scatter Arc
4,Lobber Crew
15,Greenwarden of Murasa
5,Niv-Mizzet the Firemind
1,Benthicore
2,Renowned Weaver
1,Truce
3,Tezzeret's Gambit
2,Waiting in the Weeds
8,Culling Dais
1,AEtherplasm
6,Fanatical Devotion
1,Alliance of Arms
1,Rally the Ancestors
2,Szadek Lord of Secrets
1,Cauldron Dance
4,Angelic Overseer
4,Rancor
2,Dawnbreak Reclaimer
1,Teferi's Puzzle Box
8,In Garruk's Wake
3,Savra Queen of the Golgari
2,Beck / Call
2,Custodi Soulbinders
2,Seer's Lantern
1,Corpsehatch
5,Spirit Bonds
1,Sparring Collar
1,Firemane Avenger
1,Hindering Light
1,Shipbreaker Kraken
2,Prototype Portal
1,Crush of Wurms
2,Wolfbriar Elemental
2,Perilous Research
1,Magus of the Unseen
15,Dissipate
1,Stinkdrinker Daredevil
1,Devils' Playground
3,Stoneforge Masterwork
1,Crosis the Purger
2,Beseech the Queen
2,Archon of Justice
12,Emeria Shepherd
6,Vivid Grove
3,Fling
3,Fascination
3,Winds of Qal Sisma
1,Jace's Erasure
18,Lonely Sandbar
1,Ravaging Blaze
2,Typhoid Rats
2,Magmatic Chasm
2,Reverberate
1,Soulblade Djinn
30,Rogue's Passage
1,Weave Fate
2,Tricks of the Trade
1,Demonic Tutor
1,Cephalid Looter
2,Varolz the Scar-Striped
2,Nahiri's Machinations
1,Scavenger Drake
2,Ant Queen
1,Screaming Fury
1,Timesifter
6,Stalking Vengeance
2,Serra Avatar
2,Krosan Tusker
1,Scute Mob
24,Swiftwater Cliffs
2,Eerie Interlude
4,Sporemound
1,Dimir Infiltrator
1,Dark Deal
1,Chief Engineer
8,Illusionist's Bracers
1,Chronic Flooding
1,Hanweir Watchkeep
1,Bala Ged Thief
2,Meadowboon
1,Arachnus Spinner
1,Drunau Corpse Trawler
2,Treva the Renewer
7,Illusory Ambusher
2,Incite War
1,Soulless Revival
12,Archetype of Aggression
8,Faith's Fetters
8,Eidolon of Blossoms
1,Oversold Cemetery
2,Wickerbough Elder
1,Night's Whisper
1,Zur's Weirding
1,Jori En Ruin Diver
1,Lashweed Lurker
1,Ice Cauldron
1,Endless Wurm
1,Seeker of Skybreak
4,Orim's Thunder
1,Malakir Cullblade
2,Verdant Force
3,Loxodon Hierarch
2,Aegis of the Gods
3,Kjeldoran Dead
1,Supreme Verdict
1,Serra's Sanctum
1,Synthetic Destiny
4,Gigantoplasm
1,Pain Seer
2,Onyx Mage
8,Beastmaster Ascension
1,Chill of Foreboding
4,Scuttling Doom Engine
2,Cruel Revival
1,Spirit Away
2,Kabira Vindicator
1,Nomad Stadium
2,Scourge of Skola Vale
1,Kaervek the Merciless
1,Riptide Entrancer
1,Spoils of Blood
1,Tormod's Crypt
10,Butcher of Malakir
1,Hunter's Insight
2,Gaea's Embrace
1,Urborg Uprising
8,Reconnaissance
1,Kazandu Refuge
1,Wildheart Invoker
1,Hellkite Hatchling
2,Tooth and Claw
9,Hamletback Goliath
3,Phyrexian Rager
1,Bramblewood Paragon
1,Terminate
3,Hanna Ship's Navigator
2,Kurkesh Onakke Ancient
3,Astral Cornucopia
1,Corpse Cur
1,Light from Within
1,Scorned Villager
1,Talisman of Impulse
2,Necroskitter
1,Cogwork Assembler
2,Palace Guard
1,Breakneck Rider
1,Rain of Thorns
1,Trade Routes
4,Dissipation Field
1,Goblin Diplomats
2,Vital Splicer
1,Viseling
1,Orcish Settlers
4,Devil's Play
2,Reveka Wizard Savant
1,Whiplash Trap
1,Gelectrode
2,Baleful Force
1,Swarm of Rats
1,Drowned Catacomb
1,Temple of Enlightenment
3,Quicksilver Gargantuan
22,Izzet Boilerworks
1,Timberland Guide
2,Creeping Corrosion
1,Nacatl War-Pride
1,Reckless Charge
2,Orochi Hatchery
1,Riddlesmith
8,Phyrexian Vault
1,Impulse
3,Nim Deathmantle
1,Surreal Memoir
1,Lingering Souls
3,Carrion Feeder
1,Masumaro First to Live
2,Withered Wretch
3,Creepy Doll
6,Tuskguard Captain
2,Death Grasp
1,Aether Gale
3,Gather Specimens
1,Sengir Nosferatu
2,Duelist's Heritage
2,Thragtusk
1,Daxos of Meletis
1,Quiet Contemplation
3,Stunt Double
1,Peer Pressure
1,Skirk Prospector
2,Hellkite Charger
2,Nihil Spellbomb
1,Grave Strength
1,Distant Memories
1,Rend Flesh
1,Hedron Matrix
5,Quietus Spike
2,Viridian Shaman
1,Void Squall
2,Grixis Slavedriver
1,Lignify
3,Mirko Vosk Mind Drinker
1,Arachnus Web
3,Mage-Ring Network
1,Daxos the Returned
3,Flickering Ward
1,Riptide Chimera
5,Eidolon of Countless Battles
1,Lantern-Lit Graveyard
10,Marshal's Anthem
1,Gossamer Chains
1,Renegade Doppelganger
4,Angel of the Dire Hour
1,Blinding Mage
1,Jhessian Infiltrator
1,Catapult Master
5,Fervor
8,Fated Return
1,Zombie Master
2,Flametongue Kavu
1,Bloodfire Expert
1,Horn of Greed
3,Dictate of the Twin Gods
1,Rise of the Dark Realms
9,Auramancer
5,Devout Chaplain
6,Seer's Sundial
1,Blood Tyrant
13,Underworld Connections
8,Well of Lost Dreams
1,Cryptoplasm
4,Krenko Mob Boss
7,Mosswort Bridge
4,Thraben Doomsayer
1,Wake the Reflections
1,Xathrid Necromancer
2,Sundering Growth
2,Aven Sunstriker
3,Brass Herald
5,Oreskos Explorer
5,Journey of Discovery
14,Rampant Growth
4,Insurrection
3,Divinity of Pride
1,Whisperwood Elemental
1,Evangelize
2,Pentavus
1,Skarrgan Skybreaker
1,Coordinated Assault
6,Inkwell Leviathan
2,Hall of Triumph
1,Glint-Sleeve Artisan
11,Evolutionary Leap
1,Devout Lightcaster
1,Rishadan Footpad
1,Drainpipe Vermin
10,Archetype of Courage
1,To Arms!
4,Blade of Selves
2,Raving Dead
2,Dragon-Style Twins
1,Biovisionary
1,Elvish Vanguard
1,Immerwolf
1,Avenger en-Dal
4,Wurmcalling
2,Ghirapur AEther Grid
3,Nomad Mythmaker
1,Reverent Hunter
2,Grimoire of the Dead
2,Elixir of Immortality
1,Gleancrawler
1,Shriveling Rot
1,Assault Formation
1,Karametra God of Harvests
1,Firemantle Mage
5,Gift of Immortality
2,Silumgar Butcher
1,March from the Tomb
2,Starstorm
1,Strength of the Tajuru
1,Silumgar's Command
2,Collective Blessing
1,Planeswalker's Mischief
2,Hyena Umbra
1,Syphon Flesh
1,Blood Frenzy
1,Keeper of the Nine Gales
1,Calming Verse
5,Emrakul's Hatcher
1,Lambholt Elder
2,Phantom Nishoba
4,Contagion Clasp
1,Assault Strobe
1,Lux Cannon
1,Master of the Pearl Trident
1,Phantom Wurm
10,Grave Betrayal
1,Malignus
1,Noble Purpose
1,Civic Wayfinder
1,Kird Chieftain
2,Grave Upheaval
1,Martial Glory
1,Beastbreaker of Bala Ged
1,Messenger Jays
1,Shadowblood Ridge
1,Dwynen's Elite
1,Deep Reconnaissance
8,Reaper from the Abyss
3,Arbiter of Knollridge
1,Gaea's Touch
2,Moonlight Bargain
3,Murderous Spoils
2,Teneb the Harvester
8,Recurring Insight
2,Simic Basilisk
2,Tyrant of Discord
2,Hunted Lammasu
1,Smog Elemental
2,Dawnglare Invoker
3,Grindclock
7,Harrow
1,Geistblast
3,Dread Summons
1,Ambition's Cost
3,Unmake the Graves
1,Halimar Excavator
1,Wall of Reverence
45,Burnished Hart
1,Radha Heir to Keld
2,Mark of Fury
3,Homeward Path
1,Viridian Corrupter
1,Runechanter's Pike
2,Otherworld Atlas
6,Mystic Remora
2,Highland Lake
1,Shaman of the Pack
1,Talrand's Invocation
1,Courier Hawk
1,Tormented Pariah
1,Goblin Chirurgeon
2,Nemata Grove Guardian
7,True Conviction
1,Elfhame Palace
3,Sharding Sphinx
5,Spitting Image
1,Fork
2,Krakilin
2,Dream Fracture
1,Arcbound Fiend
1,Horn of Plenty
1,Deploy to the Front
3,Prophetic Bolt
4,Holy Mantle
1,Blustersquall
1,Pathway Arrows
2,Inspired Sprite
1,Wheel of Fate
1,In Oketra's Name
4,Impact Tremors
1,Knotvine Paladin
1,Desperate Stand
1,Patron of the Orochi
2,Tree of Perdition
1,Filigree Fracture
3,Jarad's Orders
1,Woodborn Behemoth
1,Overwhelming Instinct
1,Moonring Island
7,Smoldering Crater
2,Obelisk of Grixis
3,Etherium-Horn Sorcerer
5,Vivid Meadow
1,Demonmail Hauberk
1,Terrus Wurm
1,Phthisis
5,From Beyond
1,Spoils of Evil
2,Sunseed Nurturer
1,Necrogenesis
1,Craterhoof Behemoth
3,Feral Incarnation
6,Temur Battle Rage
1,Serpent of the Endless Sea
5,Sandsteppe Citadel
1,Veteran Motorist
1,Marchesa's Infiltrator
2,Seraph of Dawn
4,Urza's Incubator
2,Sensor Splicer
1,Voidwalk
1,Liliana's Mastery
4,Magus of the Coffers
4,Sage's Reverie
1,Blessed Reincarnation
1,Karma
1,Hellcarver Demon
1,Bloodbond Vampire
1,Deathgreeter
4,Pious Evangel
2,Command Beacon
2,Refurbish
1,Bathe in Light
1,Sphinx of Jwar Isle
1,Nightshade Schemers
3,Dictate of Karametra
1,Warmonger Hellkite
1,Brain Maggot
2,Trostani's Judgment
4,Shadowmage Infiltrator
2,Browbeat
1,AEthersnipe
1,Ignite Memories
3,The Great Aurora
2,Vastwood Hydra
2,Kavu Lair
2,Elite Scaleguard
3,White Sun's Zenith
1,Reyhan Last of the Abzan
1,Magus of the Vineyard
1,Koskun Falls
20,Golgari Guildgate
1,Arjun the Shifting Flame
1,Djinn of Wishes
1,Kor Haven
1,Seething Song
2,Baleful Strix
2,Plea for Power
1,Hangarback Walker
1,Temple of Silence
1,Thieving Magpie
1,Zur the Enchanter
5,Noble Quarry
1,Sages of the Anima
1,Volrath's Curse
1,Stitchwing Skaab
1,Fabled Hero
3,Dimir House Guard
2,Mystic Speculation
2,Greenseeker
2,Guardian of Cloverdell
1,Djinn of Infinite Deceits
1,Altar of Shadows
1,Tornado Elemental
1,Goblin Tinkerer
2,Tower of Fortunes
1,Eternal Dominion
2,Death's Presence
1,War Elemental
6,Forgotten Creation
1,Phantom General
1,Whipkeeper
6,Mycoloth
8,Ever After
1,Walking Archive
3,Indrik Stomphowler
22,Orzhov Guildgate
2,Grand Architect
1,Swans of Bryn Argoll
1,Lorthos the Tidemaker
2,Blighted Cataract
10,Extinguish All Hope
1,Qarsi High Priest
1,Courier's Capsule
2,Kozilek's Predator
1,Duergar Cave-Guard
1,Shizuko Caller of Autumn
2,Song of the Dryads
1,Rustrazor Butcher
3,Sire of Stagnation
8,Nissa's Expedition
1,Breaching Leviathan
1,Aven Brigadier
1,Enlightened Tutor
1,Seshiro the Anointed
3,Fountain Watch
3,AEtherling
3,Humbler of Mortals
1,Sanitarium Skeleton
1,Defiant Ogre
1,Jet Medallion
11,Thunderfoot Baloth
11,Mnemonic Wall
1,Wild Beastmaster
1,Nettle Drone
2,Yavimaya Granger
1,Haunted Cloak
1,Oblation
1,Fieldmist Borderpost
2,War's Toll
1,Join the Ranks
1,Saltskitter
1,Ulvenwald Mystics
3,Crypt of Agadeem
3,Split Decision
1,Ambassador Oak
1,Doomed Traveler
3,Dark Prophecy
1,Assault Suit
1,Lat-Nam's Legacy
3,Viridian Emissary
2,Firecat Blitz
7,Vivid Creek
1,Yavimaya Coast
21,Simic Guildgate
2,Elvish Visionary
2,Titan's Revenge
2,Zendikar's Roil
2,Imperious Perfect
1,Junk Diver
2,Aven Wind Guide
1,Fiery Confluence
1,Momentous Fall
1,Spectral Flight
1,Death or Glory
4,Springjack Shepherd
3,Visara the Dreadful
1,Salt Flats
1,Gustha's Scepter
1,Setessan Tactics
1,Tidal Kraken
2,Ghostly Flicker
1,Hellhole Rats
1,Noxious Revival
2,Manic Vandal
3,Pia and Kiran Nalaar
4,Vicious Shadows
1,Vorel of the Hull Clade
1,Clockwork Dragon
5,Silklash Spider
2,Always Watching
2,Seraph of the Sword
1,Perilous Myr
5,Chameleon Colossus
1,Gravespawn Sovereign
1,Sage of Hours
3,Gatekeeper of Malakir
2,Wall of Denial
17,Mulldrifter
3,Purphoros God of the Forge
1,Instill Energy
2,Myojin of Cleansing Fire
1,Cytoplast Root-Kin
1,Battleground Geist
2,Corpse Hauler
9,Mind's Dilation
1,Empress Galina
1,Cartographer
1,Binding Mummy
1,Mine Layer
2,Mage Slayer
4,Pathrazer of Ulamog
1,Daru Stinger
1,Grovetender Druids
1,Nikko-Onna
2,Leonin Abunas
1,Nightscape Master
2,Kukemssa Pirates
1,Enclave Elite
7,Hull Breach
4,Resolute Archangel
1,Aphetto Grifter
3,Minion Reflector
1,Hivis of the Scale
1,Riptide Shapeshifter
1,Deserted Temple
2,Icy Blast
2,Blessed Spirits
1,Everlasting Torment
2,Arcbound Reclaimer
1,Fencing Ace
3,Avacyn Guardian Angel
1,Molimo Maro-Sorcerer
11,Pilgrim's Eye
3,Fireball
8,Eternal Witness
1,Meren of Clan Nel Toth
1,Breath of Fury
1,Talons of Falkenrath
4,Deathless Angel
1,Mogg Infestation
7,Blighted Woodland
2,Ondu Cleric
1,Steam Vents
2,Scourge of the Nobilis
1,Golgari Cluestone
2,Terrain Generator
1,Ethereal Champion
1,Rubinia Soulsinger
1,Thunderstaff
2,Phyrexian Plaguelord
1,Lake of the Dead
1,Tithe Drinker
2,Vengeful Vampire
2,Advanced Stitchwing
1,Pit Fight
2,Reckless Fireweaver
1,Vigor Mortis
2,Mindshrieker
1,Shaman of Spring
3,Mass Hysteria
24,Izzet Guildgate
2,Panharmonicon
4,Sea Gate Loremaster
4,Jazal Goldmane
1,Fire Diamond
1,Goblin Archaeologist
9,Crib Swap
4,Deepfathom Skulker
1,Yavimaya Enchantress
1,Sungrace Pegasus
6,Peregrine Drake
1,Decree of Silence
10,Ogre Slumlord
1,Ashling the Extinguisher
3,Shield of the Oversoul
1,Sky Skiff
5,Abhorrent Overlord
1,Sunrise Sovereign
2,Gods Willing
1,Tendrils of Corruption
6,Khalni Heart Expedition
2,Liliana's Elite
1,Lore Broker
1,Maze of Ith
1,Arcbound Slith
1,Vesuvan Shapeshifter
6,Boros Cluestone
1,Cryptborn Horror
1,Temple of Mystery
3,Savage Ventmaw
2,Wretched Gryff
2,Mirror-Sigil Sergeant
1,Invincible Hymn
1,Monk Realist
1,Makindi Patrol
2,Hornet Nest
2,Whisperer of the Wilds
2,Prognostic Sphinx
2,Fated Retribution
1,Horizon Spellbomb
1,Sky Diamond
5,Ob Nixilis Unshackled
4,Grimgrin Corpse-Born
1,Ulamog's Despoiler
2,It That Betrays
1,Dance with Devils
2,Saving Grasp
6,Doomwake Giant
5,Goblin Welder
2,Signal the Clans
1,Pulsemage Advocate
1,Sustaining Spirit
1,Hunted Wumpus
1,Thraben Heretic
1,Knights of the Black Rose
2,Disciple of Griselbrand
2,Birthing Pod
5,Reality Shift
10,Shamanic Revelation
3,Murder of Crows
1,Smallpox
4,Soul of Innistrad
1,Thermopod
3,Cradle of Vitality
1,Mystifying Maze
1,Gustrider Exuberant
1,Seed the Land
1,Sigil Captain
1,Blightcaster
20,Swan Song
3,Body Double
2,Stronghold Assassin
1,Vagrant Plowbeasts
4,Graveblade Marauder
2,Ghitu Firebreathing
3,Wash Out
3,Combustible Gearhulk
1,Radiant Purge
1,Hermit of the Natterknolls
6,Beetleback Chief
2,Dark Dabbling
3,Turnabout
3,Shimmer Myr
1,Augur of Bolas
2,Malfegor
1,Shattered Angel
2,Tromokratis
1,Skinrender
1,Life from the Loam
1,Harmonic Sliver
1,Scrivener
2,Corrupted Conscience
1,Mad Auntie
1,Bond of Agony
6,Elemental Bond
1,Aura of Dominion
1,Unhallowed Pact
1,Repeal
1,Mirari's Wake
1,Argivian Restoration
3,Protective Bubble
1,Prowler's Helm
2,Basandra Battle Seraph
1,Hellhole Flailer
4,Puppet Strings
1,Dack's Duplicate
3,Honor of the Pure
2,Rootwater Thief
2,Puppeteer
1,Wirewood Herald
1,Vexing Scuttler
3,Ancestral Mask
6,Army of the Damned
2,Tromp the Domains
13,Treasure Cruise
1,Veilborn Ghoul
1,Skirk Drill Sergeant
1,Cabal Executioner
3,Vedalken Archmage
1,Lullmage Mentor
1,Glen Elendra Pranksters
6,Kessig Cagebreakers
2,Necromancy
1,Inspiring Statuary
1,Woodland Guidance
2,Unnerve
10,Angel of Serenity
2,Alpha Brawl
1,Jwari Shapeshifter
1,Kraum Ludevic's Opus
1,Vessel of Endless Rest
1,Veteran's Armaments
2,Quicken
1,Demonic Consultation
2,Sungrass Prairie
2,AEther Adept
1,Purphoros's Emissary
2,Zendikar Incarnate
4,Primordial Sage
1,Gideon's Avenger
1,Boros Keyrune
1,Brave the Sands
1,Tribal Forcemage
1,Burn at the Stake
1,Whispers of the Muse
3,Meletis Charlatan
1,Acrobatic Maneuver
1,Vaultbreaker
1,Ojutai Exemplars
2,Elvish Skysweeper
1,Confiscate
2,Distorting Wake
1,Scrap Mastery
1,Gravitational Shift
1,Ballyrush Banneret
5,Brawn
1,Ajani Caller of the Pride
2,Conundrum Sphinx
1,Respite
2,Telepathy
1,Woodland Cemetery
7,Spinal Embrace
2,Illusionist's Gambit
1,Order / Chaos
7,Smothering Abomination
6,Jarad Golgari Lich Lord
5,Captain of the Watch
5,Trash for Treasure
2,Expropriate
1,Predatory Focus
4,Dragonlord's Prerogative
2,Tradewind Rider
1,Stratus Dancer
1,Caller of the Claw
3,Larceny
1,Spellshock
3,Butcher Ghoul
13,Myriad Landscape
1,Dawn of the Dead
4,Frontier Guide
3,Necromantic Summons
2,Drogskol Cavalry
3,Tempt with Discovery
1,Brood of Cockroaches
2,Ghostly Wings
1,Yavimaya's Embrace
2,Darksteel Axe
1,Bituminous Blast
1,Vision Skeins
3,Pharika's Mender
2,Scourglass
1,Voltaic Key
1,Disruptive Student
1,Champion of the Parish
1,Shrine of Boundless Growth
2,Bonesplitter
1,Oathsworn Giant
2,Minds Aglow
1,Sandsower
1,Mages' Contest
1,Chief of the Scale
2,Baru Fist of Krosa
3,Stonehewer Giant
3,Quest for Pure Flame
1,Latulla's Orders
1,Riddlekeeper
4,Skirsdag High Priest
1,Vithian Renegades
1,Displace
1,Thunderclap Wyvern
1,Solitary Hunter
1,Quicksilver Fountain
3,Nyx-Fleece Ram
1,Vitu-Ghazi the City-Tree
2,Snakeform
1,Trostani Selesnya's Voice
1,Somberwald Alpha
1,Crab Umbra
1,Bladed Pinions
12,Gray Merchant of Asphodel
3,Nekrataal
1,Expedition Map
1,Roiling Horror
1,Switcheroo
4,Viridian Longbow
12,Everflowing Chalice
1,Tragic Arrogance
1,Woodfall Primus
1,Executioner's Capsule
1,Borderland Behemoth
13,Sphinx of Uthuun
4,Earthquake
1,Remorseless Punishment
3,Presence of Gond
2,Hollowsage
2,Apprentice Necromancer
1,Vastwood Animist
2,Storm Herd
2,Stealer of Secrets
1,Holdout Settlement
2,Descend upon the Sinful
1,Masterwork of Ingenuity
14,Gruul Signet
4,Arcane Lighthouse
1,Skyshroud Poacher
1,Molten Psyche
2,Burn from Within
2,Springjack Pasture
1,Treasured Find
2,Nightveil Specter
1,Simic Initiate
1,Azure Mage
1,Manalith
1,Sundial of the Infinite
4,Dig Through Time
1,Field of Souls
2,Blind Zealot
1,Cabal Coffers
1,Power of Fire
3,Anger
1,Gobhobbler Rats
7,Drumhunter
2,Fortified Village
2,Porcelain Legionnaire
1,Parasitic Strix
1,Toshiro Umezawa
1,Dwarven Thaumaturgist
1,Ring of Kalonia
1,Ondu Champion
12,Soul of New Phyrexia
4,Spikeshot Elder
2,Zedruu the Greathearted
1,Falkenrath Marauders
1,Priest of Urabrask
7,Diluvian Primordial
1,Weird Harvest
20,Golgari Rot Farm
1,Frost Lynx
1,Rune-Scarred Demon
6,Evangel of Heliod
5,Decree of Pain
1,Ghave Guru of Spores
3,Liliana's Caress
8,Reclamation Sage
1,Civilized Scholar
2,Aetherflux Reservoir
1,Tideshaper Mystic
3,Eyes in the Skies
3,Chain Reaction
1,Herald of War
5,Whispering Madness
2,Bosh Iron Golem
1,In the Web of War
1,Spreading Seas
1,Underhanded Designs
1,Ichor Rats
1,Grenzo Havoc Raiser
1,Brainspoil
3,Chaos Warp
1,Ludevic Necro-Alchemist
1,Angelic Gift
1,Shimian Specter
1,Vengeful Dreams
3,Arbor Elf
1,Glen Elendra Liege
1,Acquire
68,Sol Ring
1,Grip of Desolation
1,Ruby Medallion
5,Trailblazer's Boots
1,Salvaging Station
1,Hopeful Eidolon
1,Reality Spasm
1,Gatstaf Arsonists
3,Painful Quandary
1,Rousing of Souls
1,Custodi Lich
1,Vesuvan Doppelganger
1,Mordant Dragon
1,Covert Operative
1,Ride Down
1,Relic of Progenitus
3,Jace's Ingenuity
1,Spread the Sickness
1,Burgeoning
3,Devouring Light
4,Dawn to Dusk
12,Mentor of the Meek
1,Allay
3,Scuttlemutt
2,Winged Coatl
1,Squall Line
2,Mage-Ring Responder
2,Centaur Glade
3,Great Furnace
3,Spinerock Knoll
1,Necromancer's Magemark
1,Pilgrim of the Fires
4,Pelakka Wurm
2,Eidolon of Rhetoric
1,Beacon of Tomorrows
3,Abzan Banner
10,Spear of Heliod
1,Strands of Night
2,Tribute to the Wild
1,Crown of Doom
1,Grudge Keeper
1,Black Vise
2,Rayne Academy Chancellor
1,Razorfin Hunter
2,Sentinel of the Eternal Watch
2,Urborg Tomb of Yawgmoth
1,Murasa Pyromancer
3,Woodland Stream
3,Jwar Isle Refuge
1,Font of Fortunes
3,Fated Infatuation
1,Spitebellows
1,Petrified Wood-Kin
1,Vinelasher Kudzu
4,Sterling Grove
1,Scepter of Fugue
1,Llanowar Mentor
1,From Under the Floorboards
1,Dwarven Landslide
2,Confirm Suspicions
3,Simic Manipulator
1,Soulless One
1,Mighty Emergence
4,Vengeful Rebirth
1,Rakdos Lord of Riots
1,Inkfathom Divers
1,Grisly Spectacle
1,Onslaught
1,Ogre Geargrabber
4,Chandra's Ignition
1,Artful Maneuver
1,Dream Pillager
2,Reya Dawnbringer
19,Orzhov Signet
8,Rampaging Baloths
1,Watcher in the Web
1,Sacellum Godspeaker
1,Back from the Brink
1,Myojin of Night's Reach
3,Perplexing Chimera
1,Stitcher Geralf
2,Simic Keyrune
1,Apprentice Wizard
1,Weirding Wood
2,Necromancer's Covenant
1,Esperzoa
8,Gravedigger
1,Looter il-Kor
1,Kozilek's Channeler
4,Beguiler of Wills
1,Fumiko the Lowblood
2,Polis Crusher
1,Angel of Salvation
4,Echo Chamber
2,Plasm Capture
1,Phyrexian Hydra
1,Rakish Heir
1,Circling Vultures
1,Utopia Mycon
5,Savage Twister
3,Into the Wilds
1,Long-Forgotten Gohei
1,Militia's Pride
1,Sandsteppe Outcast
2,Radiant Archangel
2,Willbreaker
1,Immaculate Magistrate
2,Bloodflow Connoisseur
1,Vineweft
2,Inexorable Tide
1,Arcbound Hybrid
4,Journey to Nowhere
1,Plunge into Darkness
3,Crystal Chimes
2,Steal Artifact
2,Centaur Vinecrasher
1,Silent Departure
1,Canopy Vista
3,Kher Keep
1,Bloodbraid Elf
1,Stomping Ground
1,Balthor the Stout
1,Escape Routes
13,Myr Battlesphere
6,Dragon Mage
1,Spike Drone
1,Crawling Sensation
1,Putrefax
2,Thrummingbird
1,Magus of the Mirror
2,Gruul Cluestone
2,Rude Awakening
2,Squirrel Nest
2,Dreadship Reef
2,Enshrined Memories
1,Tidal Force
2,Sovereigns of Lost Alara
5,Mind Control
3,Lazav Dimir Mastermind
1,Ninth Bridge Patrol
1,Skeleton Ship
1,Kruin Outlaw
1,Mass Mutiny
2,Spectral Procession
8,Oblivion Ring
4,Endrek Sahr Master Breeder
1,Eater of the Dead
1,Razorfoot Griffin
5,Steel of the Godhead
4,Geist-Honored Monk
1,Urza's Rage
1,Arcbound Overseer
1,Liliana Heretical Healer
1,Sorceress Queen
1,Talisman of Dominance
1,Myr Welder
2,Miraculous Recovery
1,Mana Echoes
8,Phyrexian Reclamation
1,Illicit Auction
1,Sanguimancy
9,Think Twice
2,Nightscape Familiar
1,Gloomwidow's Feast
5,Dreamborn Muse
1,Shattergang Brothers
2,Akroma's Memorial
13,Rite of Replication
7,Mesa Enchantress
1,Lightmine Field
1,Scythe Tiger
2,Snake Umbra
1,Diregraf Colossus
1,Queen Marchesa
1,Withdraw
1,Asceticism
4,Chancellor of the Forge
1,Tolarian Winds
9,Grim Haruspex
1,Ulamog the Ceaseless Hunger
2,Scholar of Athreos
1,Master of Predicaments
3,Merfolk Looter
3,Cyclops of Eternal Fury
3,Temur Sabertooth
14,Crypt Ghast
4,Gravepurge
1,Obelisk of Esper
4,Temple Bell
5,Stormtide Leviathan
1,Fury Charm
1,Stensia Bloodhall
1,Faith Unbroken
2,Cemetery Reaper
3,Mirrorworks
1,Brain Freeze
1,Conquering Manticore
3,Noosegraf Mob
3,Seller of Songbirds
1,Telekinetic Bonds
1,Sigiled Starfish
1,Bala Ged Scorpion
1,Diabolic Revelation
2,Mitotic Slime
5,Paragon of Open Graves
4,Scourge of Fleets
6,Cackling Counterpart
4,Fresh Meat
1,Spirit of the Hearth
5,Curse of the Swine
1,Bygone Bishop
2,Rushing River
2,Ovalchase Daredevil
2,Graf Rats
3,Stingerfling Spider
6,Archetype of Finality
1,Quickling
2,Odunos River Trawler
7,Brainstorm
1,Whir of Invention
2,Slobad Goblin Tinkerer
1,Abzan Falconer
1,Mwonvuli Beast Tracker
2,Verdeloth the Ancient
2,Concordant Crossroads
1,Sagu Mauler
1,Sentry Oak
1,Mind Sludge
5,Den Protector
2,Nath of the Gilt-Leaf
1,Budoka Gardener
3,Dormant Volcano
1,Arcbound Crusher
1,Vampire Aristocrat
21,Sakura-Tribe Elder
1,Glint-Eye Nephilim
5,Grave Sifter
2,Cephalid Constable
1,Ongoing Investigation
1,Dwarven Bloodboiler
2,Undercity Plague
1,Enlightened Maniac
21,Sun Titan
2,Karplusan Forest
2,Howl of the Horde
2,Mycosynth Wellspring
2,Viral Drake
2,Golgari Thug
1,Boggart Shenanigans
2,Wizened Snitches
2,War Tax
1,Oona Queen of the Fae
2,Joraga Treespeaker
1,Hooded Assassin
1,Archweaver
1,Polluted Bonds
1,Crown of Flames
1,Giant Spider
3,Fated Intervention
3,Rakshasa Gravecaller
1,Commune with Lava
29,Whispersilk Cloak
1,Triskelavus
1,Thieving Sprite
1,Xathrid Demon
4,Graypelt Refuge
1,Time Spiral
11,Plea for Guidance
1,Atarka World Render
2,Steam Augury
4,Citadel Siege
1,Sinuous Vermin
1,Barrage of Expendables
1,Wandering Eye
2,Heartless Hidetsugu
1,Iroas's Champion
2,Karoo
1,Entomber Exarch
1,Jar of Eyeballs
2,Genesis Hydra
6,Twilight Shepherd
9,Kirtar's Wrath
1,Taigamâ€™s Strike
2,Shield of the Avatar
27,Boros Guildgate
10,Stroke of Genius
1,Animist's Awakening
5,Mogg War Marshal
2,Ambuscade Shaman
1,New Frontiers
2,Sprite Noble
1,Exhumer Thrull
1,Warbringer
1,Coralhelm Commander
18,Hedron Archive
1,Netcaster Spider
1,Reshape
2,Rusted Slasher
3,Thalakos Deceiver
2,Flamerush Rider
7,Epiphany at the Drownyard
4,Burning Anger
1,Ursapine
2,Worm Harvest
1,Kolaghan Monument
3,Spirit Mantle
2,Twisted Abomination
3,Inspiring Call
1,Avatar of Will
2,Steal Enchantment
2,Suppression Bonds
2,Ghirapur Orrery
2,Court Street Denizen
4,Thopter Spy Network
1,Eel Umbra
1,Arborback Stomper
1,Thassa's Devourer
1,Disciple of the Vault
1,Ugin's Insight
1,Soul Manipulation
5,Kor Sanctifiers
2,Dualcaster Mage
1,Stir the Grave
1,Faerie Conclave
2,Cliffhaven Vampire
1,Nim Devourer
3,Dreadbringer Lampads
4,Borderland Ranger
12,Lightning Greaves
22,Ashnod's Altar
1,Patron Wizard
2,Bestial Menace
1,Garrulous Sycophant
3,Boon Satyr
2,Soul's Majesty
3,Phyrexian Ingester
1,Cloak of Mists
1,Door of Destinies
1,Seal of the Guildpact
1,Mosstodon
1,Windrider Patrol
1,Pharika's Chosen
2,Skyblinder Staff
1,Auriok Windwalker
1,Dawnstrider
1,Altar Golem
1,Scatter the Seeds
1,Gem of Becoming
1,Villainous Wealth
1,Tymaret the Murder King
1,Ward of Bones
1,Accelerate
4,Magewright's Stone
3,Artifact Mutation
5,Zulaport Cutthroat
1,Temporary Truce
4,Scion of Vitu-Ghazi
1,Cloud Crusader
1,Gaze of Granite
5,Rogue's Gloves
2,Nezumi Bone-Reader
1,Generator Servant
1,Heroes' Bane
5,Indestructibility
1,Blessing of the Nephilim
4,Baleful Eidolon
1,Bear's Companion
3,Mizzix's Mastery
1,Felidar Guardian
1,Wistful Selkie
8,Steel Hellkite
1,Turn to Mist
2,Armored Guardian
1,Righteous Confluence
6,Dissolve
1,Warrior en-Kor
6,Monastery Siege
2,Dragonskull Summit
1,Dream Leash
4,Dimir Cluestone
1,Shriek Raptor
2,Sturmgeist
3,Arachnogenesis
1,Righteous Cause
2,Polukranos World Eater
8,Cyclonic Rift
2,Obelisk of Bant
1,Sphinx Summoner
5,Nephalia Smuggler
4,Geralf's Mindcrusher
1,Phyrexian Tyranny
1,Rhox Pikemaster
1,Reef Pirates
1,Hand of Silumgar
2,Wretched Confluence
4,Regrowth
1,Mind Unbound
2,Two-Headed Dragon
1,Legacy Weapon
1,Dromoka the Eternal
2,Dross Scorpion
3,Myr Retriever
1,Emrakul's Evangel
2,Windborn Muse
9,Rewind
6,Vedalken Orrery
1,Cytospawn Shambler
1,Cage of Hands
3,Loreseeker's Stone
9,Journeyer's Kite
1,Dead Reckoning
3,AEtherspouts
2,Aegis Angel
2,Vulshok Battlemaster
1,Soulquake
1,Rain of Rust
1,Jayemdae Tome
1,Heroic Intervention
1,Ingot Chewer
9,Lifeblood Hydra
1,Sleeper's Robe
7,Comet Storm
5,Dimir Keyrune
1,AEther Barrier
1,Kraken of the Straits
4,Mercurial Pretender
2,Undertaker
1,Phalanx Formation
1,Ghost Ship
1,Steward of Valeron
1,Nemesis Mask
3,Hooded Hydra
1,Munda Ambush Leader
2,Magister of Worth
1,Overburden
1,Magmatic Force
5,Rakdos Cluestone
1,Sphinx-Bone Wand
1,Map the Wastes
1,Mindblaze
6,Thoughtrender Lamia
2,Inundate
4,Sunblast Angel
1,Anowon the Ruin Sage
2,Adarkar Valkyrie
2,Impelled Giant
3,Sword of Vengeance
2,Momentary Blink
2,Walking Atlas
2,Reef Worm
1,Hellion Eruption
1,Voracious Hatchling
1,Krosan Verge
2,Titania Protector of Argoth
1,Roar of Challenge
5,Sunscorch Regent
1,Vial Smasher the Fierce
1,Kor Outfitter
1,Druid of the Anima
3,Spider Spawning
1,Syndic of Tithes
2,Ally Encampment
2,Marble Diamond
1,Greater Mossdog
1,Steel Overseer
1,Separatist Voidmage
8,Nissa's Pilgrimage
1,Battleflight Eagle
1,Giant Trap Door Spider
1,Deus of Calamity
2,Gatecreeper Vine
1,Dungrove Elder
7,Ajani's Presence
2,Derevi Empyrial Tactician
5,Clan Defiance
2,Countermand
5,Stuffy Doll
1,Maze's End
16,End Hostilities
1,Lupine Prototype
8,Overseer of the Damned
1,Titania's Boon
1,Godsend
1,Mogg Maniac
1,Crater Elemental
3,Chariot of Victory
5,Creeping Renaissance
2,Cephalid Broker
1,Stabbing Pain
1,Blood Bairn
1,Spectral Guardian
1,Swarm of Bloodflies
1,Garruk Primal Hunter
1,Shriekhorn
4,Nomads' Assembly
2,Honden of Infinite Rage
2,Seal of Cleansing
2,Rhox Faithmender
3,Pontiff of Blight
1,Geralf's Masterpiece
2,Nearheath Stalker
3,Ironclad Slayer
1,Jeering Instigator
1,Rishadan Brigand
5,Control Magic
3,Contagion Engine
2,Lightwielder Paladin
22,Counterspell
2,Brutal Hordechief
1,Marath Will of the Wild
1,Primal Command
3,Deranged Assistant
2,Opaline Unicorn
1,Mindstab
1,Hell's Caretaker
1,Butcher of the Horde
1,Natural Affinity
3,Mindclaw Shaman
1,Vizier of Many Faces
2,Undergrowth Scavenger
1,Rest in Peace
4,Jade Mage
4,Angel of Jubilation
1,Seton's Desire
1,Arcbound Stinger
1,Akki Lavarunner
2,Ancient Craving
2,Protean Hydra
1,Phyrexian Soulgorger
1,Order of the Sacred Torch
1,Razor Hippogriff
18,Izzet Signet
1,Great Whale
1,Mischievous Poltergeist
2,Emeria Angel
2,Wayfaring Temple
2,Ur-Golem's Eye
4,Ring of Three Wishes
2,Realms Uncharted
7,Evil Twin
1,Essence Warden
1,Warren Pilferers
1,Herald of Dromoka
5,Reassembling Skeleton
1,Eaten by Spiders
2,Frost Titan
2,Undying Evil
2,Druid's Deliverance
2,Cemetery Recruitment
2,Shrine of Loyal Legions
2,Sudden Spoiling
2,Necrotic Ooze
1,Shape of the Wiitigo
1,Trolls of Tel-Jilad
1,Fairgrounds Warden
6,Goblin War Drums
1,Cleansing Meditation
1,Slum Reaper
1,Sudden Demise
1,Graveborn Muse
1,Fatal Frenzy
1,Flayer of the Hatebound
1,Paradoxical Outcome
2,Novijen Heart of Progress
1,Altar of the Brood
4,Spearbreaker Behemoth
4,Fires of Yavimaya
1,Grave Pact
1,Coffin Queen
8,Liliana's Reaver
1,Rouse the Mob
3,Temporal Trespass
3,Brion Stoutarm
1,Kor Bladewhirl
1,Displacement Wave
4,Melek Izzet Paragon
2,Myrsmith
1,Rotlung Reanimator
1,Wolfkin Bond
5,Jungle Shrine
1,Serra Ascendant
2,Kalemne's Captain
2,Military Intelligence
1,Graven Cairns
1,Anarchy
1,Sigil Tracer
2,Ancient Amphitheater
1,Omenspeaker
4,Spawning Grounds
5,Paleoloth
1,Brago's Representative
1,Rise of Eagles
2,Skyshroud Claim
1,Neurok Commando
1,Sand Squid
1,Spell Rupture
1,Gate to the AEther
5,Azorius Cluestone
1,Patagia Viper
1,Deranged Outcast
1,Drownyard Behemoth
1,Invoke the Firemind
3,Citanul Woodreaders
1,Molting Snakeskin
1,Ratcatcher
3,Hot Soup
1,Drove of Elves
1,Ulamog's Reclaimer
1,Pristine Skywise
1,Liliana's Shade
3,Desolation Twin
4,Silent Sentinel
1,Stonebrow Krosan Hero
9,Hammer of Purphoros
2,Clock of Omens
1,Jace's Mindseeker
1,Sulfurous Springs
1,Linvala the Preserver
3,Reins of Power
1,Candles of Leng
1,Wydwen the Biting Gale
1,Lifecrafter's Bestiary
2,Anointed Procession
1,Zhur-Taa Ancient
6,Sword of the Animist
1,Hakim Loreweaver
5,Hoarding Dragon
1,Phalanx Leader
2,Twist Allegiance
2,Wildest Dreams
2,Sea Gate Oracle
1,Soul Conduit
2,Dauntless Escort
3,Geier Reach Sanitarium
2,Caltrops
1,Dragon Roost
2,Taj-Nar Swordsmith
1,Satyr Piper
1,Devout Harpist
7,Hornet Queen
2,Caterwauling Boggart
2,Seasons Past
1,Kokusho the Evening Star
1,Oran-Rief Recluse
9,Faithless Looting
3,Molten Birth
2,Infiltration Lens
1,Serra Avenger
1,Skysnare Spider
2,Skull of Orm
2,Moonsilver Spear
1,Spike Cannibal
2,Great Oak Guardian
3,Stitch Together
1,Thallid Germinator
1,Force Away
1,Vigean Graftmage
1,Gorilla War Cry
1,Vault of Whispers
6,Prime Speaker Zegana
2,Hagra Diabolist
1,Boneknitter
1,Hellkite Igniter
1,Gamekeeper
1,Blood-Chin Fanatic
1,Bitter Revelation
1,Meandering River
8,Sejiri Refuge
3,Pain's Reward
1,Rumbling Crescendo
2,Carpet of Flowers
2,Cemetery Puca
2,Elesh Norn Grand Cenobite
1,Durable Handicraft
1,Behemoth Sledge
3,Cultivator's Caravan
1,Soldevi Machinist
13,Archetype of Imagination
2,Goblinslide
1,Ikra Shidiqi the Usurper
1,Mistblade Shinobi
1,Cytoshape
5,Putrefy
24,Tranquil Cove
1,Multani Maro-Sorcerer
2,Malicious Affliction
2,Predator Flagship
4,Surrakar Spellblade
1,Swift Warkite
8,Sphere of Safety
1,Sundering Vitae
2,Silumgar the Drifting Death
1,Deprive
1,Essence Fracture
2,Soul Ransom
1,Wild Wanderer
2,Mind Grind
3,Promise of Power
1,Corpse Harvester
1,Gemstone Array
5,Bow of Nylea
1,Walker of the Grove
4,Tempt with Reflections
1,Persecute
1,Ivy Elemental
5,Primal Growth
3,Nature's Spiral
3,Traumatize
1,Jace's Scrutiny
6,Humble Defector
1,Fleetwheel Cruiser
1,Blasted Landscape
2,Launch the Fleet
3,Pentarch Paladin
1,Workshop Assistant
1,Standstill
4,Mistmeadow Witch
1,Magus of the Moat
1,Auriok Edgewright
1,Cloudchaser Eagle
3,Tragic Slip
3,Liquimetal Coating
1,Force of Savagery
3,Merciless Executioner
20,Simic Growth Chamber
1,Barrin Master Wizard
1,Honden of Seeing Winds
7,Coastal Piracy
2,Selesnya Cluestone
4,Broodbirth Viper
2,Life and Limb
4,Jace's Sanctum
1,Charcoal Diamond
1,Gilder Bairn
1,Gempalm Avenger
1,Visionary Augmenter
1,Torture Chamber
6,Windfall
1,Grappling Hook
2,Blood Speaker
1,Stonybrook Angler
1,Skeleton Key
1,Molder Slug
4,Grim Backwoods
6,Propaganda
1,Spell Burst
3,Sanguine Bond
1,Sultai Charm
1,Priest of the Blood Rite
6,Undercity Informer
1,Arcane Teachings
2,Golem Artisan
2,Mystic Confluence
1,Eye of the Storm
1,Yew Spirit
1,Fable of Wolf and Owl
1,Sentinel Spider
1,Whitewater Naiads
6,Monk Idealist
1,Charnelhoard Wurm
2,Sibsig Muckdraggers
2,Ordered Migration
4,Deepchannel Mentor
4,Ponder
1,Changeling Titan
1,Wren's Run Packmaster
2,Council Guardian
1,Detention Sphere
2,Disenchant
1,Dauthi Embrace
2,Shaman of the Great Hunt
1,Persuasion
1,Zuran Spellcaster
1,Athreos God of Passage
1,Soldevi Heretic
1,Zurgo Helmsmasher
1,Elvish Aberration
2,Grave Titan
29,Dimir Guildgate
1,Make Mischief
2,Etched Oracle
1,Jungle Weaver
1,Hand of the Praetors
1,Guilty Conscience
1,Grozoth
1,Cinderhaze Wretch
3,Hero of Iroas
20,Rakdos Signet
1,Academy Elite
5,Scytheclaw
1,Naya Soulbeast
1,Read the Runes
1,Sanctum Gargoyle
2,Mortuary Mire
3,Furystoke Giant
2,Edric Spymaster of Trest
1,Serenity
1,Kheru Bloodsucker
7,Collective Unconscious
1,Honden of Night's Reach
1,Hermetic Study
1,Kazuul's Toll Collector
10,Black Sun's Zenith
1,Moldervine Cloak
1,Magus of the Library
5,Ajani's Chosen
1,Sun Droplet
1,Moggcatcher
1,Regeneration
1,Feed the Pack
1,Rakdos's Return
1,Healer of the Pride
4,Griffin Dreamfinder
4,Cancel
3,Elemental Mastery
1,Skullsnatcher
2,Call to the Grave
2,Null Champion
2,Order of Whiteclay
1,Hallowed Spiritkeeper
1,Nicol Bolas Planeswalker
1,Thalia's Lancers
1,Retreat to Valakut
2,Rotting Rats
1,Skyshroud Ranger
2,Xathrid Gorgon
1,Penumbra Wurm
2,Trench Gorger
15,Spelltwine
1,Heartwood Storyteller
1,Well of Ideas
1,Morkrut Banshee
1,Hide/Seek
1,Femeref Enchantress
1,Wonder
12,Goblin Bombardment
2,Renowned Weaponsmith
1,Phantom Tiger
4,Increasing Confusion
1,Research the Deep
1,Kabira Crossroads
6,Deathbringer Regent
4,Angelheart Vial
1,Megatog
1,Macabre Waltz
2,Extractor Demon
1,Myojin of Life's Web
1,Valor in Akros
1,Mistfire Adept
1,Ring of Xathrid
2,Enchantress's Presence
2,Rummaging Goblin
1,Turn Against
1,Triskaidekaphobia
1,Obsessive Search
2,Stonybrook Banneret
1,Restore
6,Obelisk of Urd
2,Foresee
3,Exotic Orchard
1,Enter the Infinite
1,Bronzebeak Moa
2,Buried Alive
2,Sylvan Reclamation
1,Helm of the Gods
1,Deny Reality
2,Agadeem Occultist
1,Grim Flowering
5,Deadbridge Chant
6,Sidisi Undead Vizier
1,Reality Strobe
1,Arcane Melee
2,Iron Myr
7,Courser of Kruphix
4,Aurification
1,Riftsweeper
7,Spine of Ish Sah
1,Marchesa the Black Rose
26,Wind-Scarred Crag
1,Stern Mentor
8,Harmonize
4,Elvish Mystic
1,Bomb Squad
23,Jungle Hollow
109,Evolving Wilds
2,Quest for Ula's Temple
1,Tainted Strike
1,Theft of Dreams
1,Spurnmage Advocate
1,Rag Man
2,Glimmerpoint Stag
1,Advent of the Wurm
1,Keldon Champion
1,Steely Resolve
2,Arcbound Worker
5,Assemble the Legion
2,Sekki Seasons' Guide
1,Thoughtflare
1,Malevolent Awakening
3,Goblin Sharpshooter
1,Coalhauler Swine
1,Hero of Goma Fada
1,Greater Harvester
1,Heartstabber Mosquito
1,Grafted Exoskeleton
3,Aura of Silence
1,Possessed Portal
2,Kithkin Spellduster
1,Arcbound Bruiser
1,Silent Skimmer
2,Ghirapur Gearcrafter
4,Triumph of the Hordes
1,Mardu Strike Leader
3,Darksteel Citadel
4,Dimir Cutpurse
2,Marang River Prowler
4,Pulse of the Grid
1,Rootwater Matriarch
2,Magus of the Abyss
1,Tragic Poet
1,Battle Screech
11,Negate
6,Nomad Outpost
4,Grisly Salvage
2,Rise from the Tides
2,Woebearer
1,Goblin Recruiter
3,Golgari Charm
1,Minion of the Wastes
2,Surgespanner
1,Dawntreader Elk
3,Warchief Giant
1,Rakeclaw Gargantuan
1,Burning-Tree Emissary
1,Guul Draz Specter
1,Executioner's Hood
1,Reap What Is Sown
1,Soothsaying
3,Echo Mage
2,Imprisoned in the Moon
1,Whisk Away
1,Afflicted Deserter
1,Wilt-Leaf Liege
1,Aboshan Cephalid Emperor
2,Furnace of Rath
1,Demonic Collusion
2,Brago King Eternal
1,Sulfur Falls
2,Pheres-Band Raiders
2,Reverse the Sands
6,New Benalia
23,Kodama's Reach
3,Intellectual Offering
1,Heartseeker
6,Chasm Skulker
4,Siege Behemoth
1,Carnage Wurm
14,Thought Vessel
33,Worn Powerstone
1,Behind the Scenes
1,Ezuri Renegade Leader
1,Submerged Boneyard
2,Tainted Remedy
3,Carnage Altar
1,Dark Salvation
1,War Cadence
3,Ogre Battledriver
1,Where Ancients Tread
2,Pearl Medallion
2,Mindless Automaton
5,Flickerform
7,Llanowar Elves
7,Satyr Wayfinder
1,Harmless Offering
1,Sejiri Steppe
1,Corpse Dance
4,Vizkopa Guildmage
2,Rakka Mar
1,Spider Umbra
2,Urza's Guilt
1,Dragonlord Dromoka
5,Caller of the Pack
1,Drowned Rusalka
12,Thada Adel Acquisitor
1,Eliminate the Competition
1,Pestilence Demon
1,Heightened Awareness
3,Endless Obedience
6,Guardian of the Gateless
1,Battlefield Forge
1,Goblin Matron
1,Temple of Triumph
1,Bonfire of the Damned
1,Nest Invader
1,Skirk Fire Marshal
1,Mana Reflection
1,Conviction
2,Disdainful Stroke
5,Spectra Ward
1,Thelonite Druid
2,Dance of Many
1,Quirion Elves
3,Mammoth Umbra
1,Lorescale Coatl
1,Restock
1,Launch Party
1,Twinflame
2,Market Festival
3,Thorn of the Black Rose
5,Ring of Evos Isle
6,Coiling Oracle
2,Words of Waste
6,Far Wanderings
2,Sheoldred Whispering One
1,Bloodthrone Vampire
1,Grenzo Dungeon Warden
6,Corpse Connoisseur
1,Down / Dirty
1,Master of the Wild Hunt
1,Eldrazi Mimic
1,Sunken Ruins
2,Youthful Scholar
2,Tuktuk the Explorer
2,Morbid Plunder
14,Viscera Seer
1,Purify
6,Decimate
1,Phyrexian Altar
2,Akoum Refuge
6,Vampiric Rites
12,Fellwar Stone
1,Faerie Miscreant
2,Dearly Departed
2,Cranial Plating
2,Sidisi Brood Tyrant
1,Sword of Light and Shadow
2,Isperia Supreme Judge
1,Mind Slash
1,Bomat Bazaar Barge
1,Talon of Pain
1,Hanweir Garrison
8,Make a Stand
2,Vivisection
22,Boros Signet
5,Faith's Reward
2,Nylea's Emissary
1,Tajuru Archer
2,Nucklavee
2,Faerie Trickery
14,Yavimaya Elder
4,Haze of Rage
1,Fevered Visions
26,Azorius Guildgate
1,Blood-Chin Rager
1,Gryff Vanguard
1,Aethersquall Ancient
1,Gutter Grime
1,Aviary Mechanic
2,Prison Term
3,Soul Warden
2,Vow of Duty
1,Reiterate
4,Hoard-Smelter Dragon
1,Soul Barrier
3,Pearl Lake Ancient
1,Hedonist's Trove
3,Splinterfright
1,One Dozen Eyes
2,Viridian Claw
3,Grim Guardian
1,Jhoira of the Ghitu
3,Juniper Order Ranger
2,Isolation Cell
1,Serene Master
1,Teysa Orzhov Scion
2,Enhanced Awareness
1,Revive the Fallen
1,Dead/Gone
2,Favorable Winds
1,Blight Herder
3,Brimstone Mage
2,Desolation Giant
3,Rubblehulk
4,Viridian Zealot
1,Sheltered Aerie
2,Havengul Runebinder
1,Nyxborn Triton
1,Seat of the Synod
1,Goblin Ruinblaster
1,Golgari Grave-Troll
1,Kamahl Pit Fighter
1,Homura Human Ascendant
2,Distortion Strike
5,Grand Coliseum
10,Jund Panorama
2,Soramaro First to Dream
1,Serra's Blessing
1,Reinforcements
1,Ulvenwald Mysteries
1,Chief of the Edge
1,Orzhov Euthanist
2,Helium Squirter
1,Sanctum of Ugin
1,Flight Spellbomb
4,Kheru Spellsnatcher
2,Ulasht the Hate Seed
1,Rakshasa's Disdain
2,Sphinx of the Steel Wind
1,Library of Lat-Nam
1,Talent of the Telepath
2,Graverobber Spider
15,Bident of Thassa
1,Arcbound Lancer
2,Alesha Who Smiles at Death
4,Hour of Reckoning
1,Fearsome Awakening
1,Reaper of Sheoldred
1,Oakheart Dryads
1,Lotus Path Djinn
4,Farseek
1,Drakestown Forgotten
1,Scuzzback Marauders
1,Spellbook
1,Saskia the Unyielding
1,Benefactor's Draught
1,Mizzium Meddler
1,Feast on the Fallen
5,Bant Panorama
1,Brood Keeper
1,Razing Snidd
1,False Memories
1,Child of Night
1,Razor Boomerang
4,Thopter Assembly
1,Plaguebearer
1,Saltcrusted Steppe
1,Lumengrid Sentinel
9,Thornbite Staff
1,Yawgmoth's Will
1,Treva's Ruins
1,Krosan Restorer
1,Akroan Conscriptor
1,Shivan Reef
4,Oran-Rief the Vastwood
11,Overrun
1,Sphinx's Revelation
2,Uncaged Fury
7,Fleshbag Marauder
1,Mogg Alarm
1,Volcanic Offering
1,Hollowhenge Spirit
2,Wave of Vitriol
1,Breeding Pool
3,Man-o'-War
3,Throat Slitter
2,Exploration
1,Seascape Aerialist
1,Serendib Sorcerer
2,Raised by Wolves
2,Phantom Centaur
2,Vorrac Battlehorns
1,Brushland
2,Blighted Agent
1,Stratus Walk
2,Wolfcaller's Howl
1,Hand of Emrakul
1,Necromaster Dragon
1,Academy Researchers
1,AEther Tradewinds
5,Naya Panorama
20,Rakdos Guildgate
1,Fit of Rage
1,Riders of Gavony
2,Revoke Existence
1,Rakdos Keyrune
2,Risen Executioner
1,Guardian Seraph
5,Spectral Searchlight
1,Streambed Aquitects
1,Wake of Vultures
1,Loxodon Gatekeeper
2,Dragon Tempest
1,Angel of Invention
10,Martial Coup
6,Psychosis Crawler
1,Sin Prodder
1,Voice of Resurgence
1,Giant Oyster
3,Archivist
1,Goblin Heelcutter
1,Pine Barrens
2,Predator's Howl
2,Emancipation Angel
1,Daru Warchief
1,Curse of Echoes
1,Underground River
5,Victimize
1,Alluring Siren
1,Compulsion
1,Soul Snare
7,Shriekmaw
4,Phyrexian Arena
1,Fervent Denial
1,False Prophet
4,Seaside Citadel
1,Midnight Guard
1,Gratuitous Violence
1,Skyspear Cavalry
1,Disentomb
3,Whip of Erebos
1,Witch Hunt
2,Book of Rass
1,Servant of the Scale
1,Kessig Recluse
1,Rainbow Vale
1,Marton Stromgald
3,Ephara God of the Polis
1,Circle of Elders
1,Salvage Scout
2,Inkfathom Witch
1,Crucible of the Spirit Dragon
1,Aura Mutation
1,Leonin Bladetrap
8,AEtherize
9,Selesnya Signet
1,Joraga Warcaller
1,Reaper of the Wilds
1,Monomania
1,Postmortem Lunge
1,Benalish Commander
1,Graceblade Artisan
16,Rootborn Defenses
5,Mazirek Kraul Death Priest
3,Megrim
2,Baloth Woodcrasher
3,Draining Whelk
2,Sigarda's Aid
1,Mass Calcify
2,Silvos Rogue Elemental
1,Herald of Anafenza
1,Fervent Charge
1,Sakura-Tribe Scout
5,Sprout Swarm
1,Windswept Heath
1,Oyobi Who Split the Heavens
2,Chimeric Mass
2,Tasigur's Cruelty
2,Flash of Insight
1,Nessian Courser
1,Spreading Plague
1,Hovermyr
1,Horde of Boggarts
2,Fatespinner
7,Hardened Scales
2,Night Dealings
1,Toxic Nim
1,Cephalid Pathmage
21,Rakdos Carnarium
2,Chancellor of the Spires
2,Alhammarret's Archive
1,Boros Battleshaper
6,Garruk's Horde
1,Gluttonous Cyclops
1,Veteran Swordsmith
1,Stingmoggie
2,Knowledge Exploitation
1,Ribbons of the Reikai
1,Goblin Ringleader
1,Cast Out
13,Archaeomancer
2,Elspeth Sun's Champion
5,Parallel Lives
1,Mutilate
2,Ior Ruin Expedition
1,Diminishing Returns
1,Vow of Flight
1,Kazuul Warlord
3,Skyline Despot
1,Waves of Aggression
2,Nephalia Drownyard
1,Followed Footsteps
1,Phantom Warrior
1,Scion of Oona
2,Fabricate
1,Builder's Bane
1,Bite of the Black Rose
4,Murderous Cut
3,Shadow Rift
2,Oona's Grace
2,Gyre Sage
1,Quarry Colossus
1,Core Prowler
5,Citanul Flute
1,Skysovereign Consul Flagship
2,Benevolent Offering
2,Defiant Strike
1,Somberwald Spider
1,Thoughtcast
4,Preordain
9,Cathars' Crusade
1,Tana the Bloodsower
1,Drana's Chosen
2,Havoc Demon
1,Barter in Blood
1,Rancid Rats
1,Predator Dragon
1,Dragonlord's Servant
1,Sudden Disappearance
1,Notorious Throng
1,Ring of Thune
1,Prowling Pangolin
2,Howling Mine
1,Sulfuric Vortex
4,Sage of Fables
8,Pristine Talisman
1,Greatsword
1,Cloudshift
1,Pilfered Plans
3,Mercurial Chemister
1,Elvish Archdruid
2,Jungle Basin
1,Primal Rage
1,Witchbane Orb
1,Murmuring Bosk
2,Demon of Dark Schemes
11,Murder
3,Thousand-Year Elixir
1,Riot Control
3,Angel's Trumpet
1,Dragon Throne of Tarkir
4,Three Dreams
2,Hunted Troll
1,Thrull Parasite
1,Obsidian Fireheart
4,Guard Gomazoa
2,Aerie Mystics
1,Flameblast Dragon
1,Knight of Obligation
7,Dread Return
2,Windbrisk Heights
1,Lantern of Insight
14,Trading Post
1,Into the Core
1,Selfless Spirit
1,Leafcrown Dryad
1,Reality Acid
2,Trumpet Blast
6,Utter End
1,Reviving Melody
1,Soldevi Adnate
1,Anointer Priest
6,Animate Dead
2,Notion Thief
3,Intrepid Hero
1,Kozilek Butcher of Truth
1,Angelic Accord
1,Dragon Egg
1,Chromeshell Crab
2,Crackling Doom
2,Vesper Ghoul
1,Jolrael Empress of Beasts
3,Young Pyromancer
2,Sight of the Scalelords
1,Blind with Anger
1,Flicker
2,Desecration Demon
2,Sigil of Distinction
1,Bloodhall Priest
1,Nimana Sell-Sword
6,Goblin Electromancer
1,Fyndhorn Elder
1,Void Attendant
1,Coralhelm Guide
3,Silumgar Sorcerer
1,Disruptive Pitmage
1,Halimar Wavewatch
1,Drowner of Secrets
1,Spellstutter Sprite
1,Mystic Barrier
2,Twilight's Call
13,Stolen Identity
4,Spawning Pit
1,Naya Charm
3,Possessed Skaab
1,Slip Through Space
1,Deserter's Quarters
1,Fleetfeather Cockatrice
1,Blinding Souleater
1,Azorius Justiciar
3,Prodigal Pyromancer
1,Erebos God of the Dead
11,Bloodgift Demon
1,Elvish Harbinger
1,Oath of the Ancient Wood
1,Drag Under
1,Kozilek's Translator
2,Soul Foundry
1,Morbid Curiosity
2,Magus of the Candelabra
1,Rupture
1,Pegasus Charger
2,Hunter of Eyeblights
8,Custodi Squire
2,Urban Evolution
1,Longshot Squad
1,Iceberg
1,Gempalm Strider
3,Desperate Ravings
12,Harvester of Souls
1,Dimir Guildmage
1,Stormbound Geist
1,Vines of Vastwood
7,Nyx Weaver
1,Faerie Swarm
2,Thought Gorger
1,Ornitharch
2,Xenagos God of Revels
2,Phantom Nantuko
10,Capsize
5,Verdant Confluence
1,Timberwatch Elf
1,Bump in the Night
2,Cunning Sparkmage
1,Myr Matrix
1,Lava Storm
1,Pulse of Murasa
1,Cryptolith Fragment
2,Traverse the Ulvenwald
1,Ruthless Ripper
3,Moltensteel Dragon
2,Hand of Justice
1,Roar of Reclamation
2,Alpha Authority
7,Phyrexian Rebirth
1,Conqueror's Flail
3,Lu Xun Scholar General
1,Sigil of Valor
4,Zendikar Resurgent
1,Crypt Rats
1,Havoc Festival
2,Duskwatch Recruiter
3,Tainted Field
3,Magus of the Future
7,Pemmin's Aura
2,Alabaster Mage
1,Unwinding Clock
1,Liliana's Specter
1,Sorin's Vengeance
5,Diregraf Captain
8,Tamiyo's Journal
2,Fury of the Horde
5,Arrest
52,Transguild Promenade
1,Leaden Myr
2,Forsaken Sanctuary
2,Shatterstorm
1,Sangrite Surge
1,Dream Twist
3,Stingscourger
1,Windstorm
1,Planar Bridge
2,Jareth Leonine Titan
6,Champion of Stray Souls
1,Progenitor Mimic
1,Patron of the Akki
1,Awakening
3,Korozda Guildmage
3,Glorious Anthem
1,Unified Front
5,Scour from Existence
1,Lumberknot
2,Fanning the Flames
1,Woodland Bellower
2,Embermaw Hellion
2,Armada Wurm
18,Stinkweed Imp
5,Ethereal Armor
1,Djinn Illuminatus
2,Revel of the Fallen God
1,Collective Effort
6,King Macar the Gold-Cursed
1,Skyhunter Prowler
1,Fortune Thief
2,Angelic Purge
1,Nightshade Peddler
3,Sifter of Skulls
4,Eldrazi Displacer
11,Greed
1,Brain in a Jar
11,Strionic Resonator
1,Voltaic Construct
1,Phyresis
1,Call of the Nightwing
1,Boneshard Slasher
1,Ensnare
1,Suq'Ata Firewalker
3,Reveillark
1,Aspiring Aeronaut
1,Scion of the Wild
4,Howl of the Night Pack
1,Sealock Monster
2,Past in Flames
1,Razormane Masticore
1,Tarnished Citadel
1,Marionette Master
4,Suture Priest
4,Increasing Vengeance
1,Prosperity
1,Strongarm Monk
3,Crawlspace
1,Priest of Titania
2,Possibility Storm
1,Liege of the Tangle
5,Daring Thief
2,Remote Isle
1,Sylvan Scrying
2,Ghastly Conscription
1,Nurturing Licid
1,Marrow Bats
1,Lys Alana Huntmaster
4,Frontier Siege
5,Shambling Shell
6,Dominate
2,Bruse Tarl Boorish Herder
4,Breaker of Armies
1,Animal Boneyard
1,Kabira Evangel
3,Niv-Mizzet Dracogenius
4,Mobilization
1,Driver of the Dead
7,Opulent Palace
1,Seance
2,Relentless Assault
1,Sire of the Storm
1,Coral Atoll
2,Reforge the Soul
4,Diviner's Wand
1,Angel of Flight Alabaster
5,Hibernation's End
1,Volrath's Stronghold
1,Dwarven Vigilantes
1,Skirsdag Supplicant
1,Battlefront Krushok
1,Adriana Captain of the Guard
1,Doomed Necromancer
2,Bloodshot Cyclops
1,Epic Experiment
15,Simic Signet
2,Sylvok Replica
2,Guardian of the Ages
3,Etherium Sculptor
1,Deathbringer Thoctar
1,Jiwari the Earth Aflame
1,Roaring Primadox
10,Mimic Vat
9,Wake the Dead
2,Inventors' Fair
6,Clone Legion
4,Siren of the Silent Song
1,Haunter of Nightveil
2,Big Game Hunter
1,Volrath's Laboratory
1,Lhurgoyf
1,Prossh Skyraider of Kher
5,Ulamog's Crusher
2,Dead Drop
2,Graypelt Hunter
3,Bane of Bala Ged
1,Polymorph
3,Temple of Plenty
1,Flameblade Angel
1,Acid Web Spider
1,Glistening Oil
1,Harvest Wurm
1,Eater of Days
1,Elite Inquisitor
3,Gold Myr
1,Salt Road Quartermasters
3,Disciple of Deceit
2,Trinket Mage
2,Domineering Will
2,Ohran Viper
1,Pore Over the Pages
1,Enigma Sphinx
1,Talus Paladin
1,Kazandu Blademaster
1,Trail of Evidence
1,Wail of the Nim
1,Colossal Whale
1,Conspiracy
1,Rending Vines
1,Dual Nature
1,Luminous Angel
12,Opportunity
1,Counterflux
6,Slippery Karst
1,Battle Squadron
5,Apocalypse Hydra
2,Renegade Map
1,Kalastria Healer
2,Ancient Den
1,Nullmage Shepherd
1,Research Assistant
1,Emmara Tandris
2,Flesh-Eater Imp
1,Flurry of Horns
61,Darksteel Ingot
3,Myr Turbine
2,Scroll Thief
1,Key to the City
2,Mistcutter Hydra
3,Galepowder Mage
3,Arcane Sanctum
3,Future Sight
1,Brilliant Halo
4,Herald of the Host
1,AEther Snap
2,Evernight Shade
1,Parallax Wave
2,Gruul Ragebeast
1,Steelshaper Apprentice
1,Paragon of Fierce Defiance
1,Aura Shards
1,Elbrus the Binding Blade
1,Unmake
4,Iroas God of Victory
3,Underworld Coinsmith
1,Exalted Angel
1,Gearshift Ace
1,Viashino Slasher
1,Merfolk Sovereign
1,Beast Within
1,Wipe Away
2,Kuldotha Phoenix
2,Sage of Ancient Lore
1,Quest for the Nihil Stone
2,Pyreheart Wolf
6,Duergar Hedge-Mage
1,Lord of the Void
1,Engulfing Slagwurm
6,Ophiomancer
1,Vow of Lightning
8,Jace's Archivist
1,Ertai Wizard Adept
1,Redeem the Lost
2,Burn Away
3,Killing Wave
1,Sequestered Stash
3,Black Market
5,Dismiss
1,Zombie Infestation
3,Mizzium Mortars
1,Kynaios and Tiro of Meletis
1,Sunbond
8,General's Kabuto
1,Magister Sphinx
6,Dictate of Heliod
2,Millikin
1,Geier Reach Bandit
2,Medomai the Ageless
3,Spelljack
1,Shape Anew
1,Urbis Protector
1,Isperia's Skywatch
2,Felidar Sovereign
2,Sever the Bloodline
2,Remember the Fallen
1,Cystbearer
1,Kolaghan the Storm's Fury
2,Sadistic Glee
3,Spikeshot Goblin
2,Ravos Soultender
1,Boneyard Wurm
1,Frogtosser Banneret
2,Vitu-Ghazi Guildmage
1,Reckless Imp
1,Hunted Horror
2,Madcap Skills
1,Vela the Night-Clad
1,Errant Ephemeron
9,Necromantic Selection
1,Pili-Pala
1,Price of Progress
1,Heat Shimmer
2,Mardu Banner
1,Canopy Cover
33,Temple of the False God
1,Keening Apparition
1,Wirewood Lodge
1,Tidespout Tyrant
1,Fleetfeather Sandals
1,Shepherd of the Lost
2,Reckless Scholar
4,Battle Mastery
1,Abzan Battle Priest
2,Beastcaller Savant
1,Cryptbreaker
1,Teferi's Care
4,Decree of Justice
1,Order/Chaos
1,High Tide
3,Dispatch
1,Spiteful Visions
1,Sigil of Sleep
1,Fungal Behemoth
1,Treacherous Terrain
4,Lost Auramancers
1,Pristine Angel
2,Aerie Worshippers
1,Overbeing of Myth
1,Lovisa Coldeyes
1,Primeval Bounty
2,Runes of the Deus
1,Boggart Mob
1,Temporal Adept
1,Daxos's Torment
5,Frantic Search
1,Heedless One
4,Chromatic Lantern
6,Nevinyrral's Disk
1,Nin the Pain Artist
1,Berserkers' Onslaught
17,Vandalblast
7,Silverblade Paladin
2,Render Silent
5,Equilibrium
2,Ezuri's Predation
1,Ancient Hellkite
1,Munda's Vanguard
1,Soul of Zendikar
1,Akiri Line-Slinger
1,One-Eyed Scarecrow
2,Rite of the Raging Storm
1,Savage Surge
1,Shapesharer
2,Nessian Demolok
2,Mayor of Avabruck
2,Corpsejack Menace
1,Boundless Realms
1,Spore Frog
6,Kazandu Tuskcaller
1,Sapphire Medallion
4,Thought Reflection
1,Praetor's Counsel
1,Thieves' Auction
4,Grim Return
2,Grasp of Fate
1,Panic Spellbomb
2,Sphinx Sovereign
1,Cauldron Haze
1,Azorius Guildmage
1,Bestial Fury
2,Llanowar Reborn
1,Benthic Explorers
9,Angelic Skirmisher
2,Fathom Mage
3,Zombie Apocalypse
6,Overwhelming Stampede
1,The Mimeoplasm
1,Jolrael's Favor
1,Sultai Banner
1,Basilica Screecher
2,Vulturous Zombie
2,Altar of Bone
1,Ogre Menial
20,Dimir Signet
2,Devout Witness
1,Invasive Species
2,Vedalken AEthermage
3,Fallowsage
1,Shimmering Wings
1,Kederekt Leviathan
2,Midnight Haunting
1,Boggart Harbinger
2,Temmet Vizier of Naktamun
2,Overblaze
1,Crookclaw Elder
2,Firemind's Foresight
2,Nykthos Shrine to Nyx
8,Mirror Entity
1,Fodder Launch
10,Solemn Simulacrum
6,Thassa God of the Sea
2,Goldenhide Ox
1,Repulse
1,Smash
1,Rage Reflection
1,Fists of the Anvil
3,Growing Ranks
1,Jotun Owl Keeper
1,Wee Dragonauts
5,Yisan the Wanderer Bard
1,Thrashing Wumpus
1,Balefire Liege
5,Bogardan Hellkite
1,Mob Rule
1,Custody Battle
1,Mardu Ascendancy
4,Duskmantle Guildmage
1,Priest of Yawgmoth
1,Tine Shrike
1,Avatar of Fury
2,Demon of Wailing Agonies
1,Seed Guardian
1,Honden of Life's Web
3,Luminarch Ascension
1,Kuro's Taken
2,Foster
1,Faerie Harbinger
1,Talas Air Ship
2,Simic Charm
3,Filigree Familiar
2,Gavony Unhallowed
2,Tuktuk Scrapper
1,Nessian Game Warden
2,Rootbound Crag
1,Smuggler's Copter
1,Necropotence
3,Flickerwisp
12,Terastodon
1,Dauthi Jackal
12,Deadly Tempest
5,Celestial Archon
2,Blight Mamba
4,Ondu Giant
24,Gruul Guildgate
3,Dust Elemental
11,Disciple of Bolas
2,Mystic Snake
1,Leaping Master
1,Flowstone Slide
3,Footbottom Feast
5,Indulgent Tormentor
4,Mulch
1,Goblin Warchief
1,Downhill Charge
2,Fumigate
2,Requiem Angel
3,Chasm Guide
1,Firewild Borderpost
2,Maw of the Obzedat
4,Ranger's Path
63,Swiftfoot Boots
4,Hordeling Outburst
1,Saheeli's Artistry
2,Wrath of God
1,Forsake the Worldly
4,Angel of Glory's Rise
22,Thornwood Falls
1,Seeker of the Way
2,Calciform Pools
1,Feudkiller's Verdict
1,Mirrorpool
2,Metallurgeon
3,Oran-Rief Survivalist
2,Quarantine Field
2,Selvala Explorer Returned
3,Titan's Strength
2,Goblin Offensive
1,Spiteful Motives
2,Dakra Mystic
2,Kaseto Orochi Archmage
1,Vodalian Mage
2,Scrap Trawler
2,Farsight Mask
2,Murderous Redcap
1,Escape Artist
2,Mistmeadow Skulk
13,Dreamstone Hedron
1,Magnifying Glass
3,Stonehoof Chieftain
1,Hypersonic Dragon
1,Akroma's Vengeance
1,Mondronen Shaman
1,Seedguide Ash
1,Tolsimir Wolfblood
1,Induce Paranoia
1,Fire Servant
8,Dowsing Shaman
1,Tajuru Beastmaster
1,Tilling Treefolk
1,Psychic Spiral
4,Evacuation
3,Swords to Plowshares
2,Harabaz Druid
1,Sheltering Ancient
1,Stun
2,Slave of Bolas
1,Unruly Mob
2,Rishadan Cutpurse
1,Rhox
12,Mind Stone
1,Deadly Recluse
1,Netherborn Phalanx
3,Mask of Riddles
1,Bastion Protector
1,Nullmage Advocate
1,Planar Cleansing
3,Wall of Blossoms
1,Master Trinketeer
1,Aura Thief
1,Magefire Wings
1,Renegade Freighter
2,Wing Splicer
1,Gonti Lord of Luxury
1,Pious Warrior
2,Sunhome Fortress of the Legion
2,Slayers' Stronghold
3,Artificer's Epiphany
2,Haven of the Spirit Dragon
2,Altar's Reap
23,Orzhov Basilica
1,Grizzled Outcasts
8,Flameshadow Conjuring
1,Foundry of the Consuls
6,Strata Scythe
1,Boartusk Liege
1,Voyaging Satyr
1,Rakdos Ringleader
3,Angelic Renewal
1,Dismiss into Dream
1,Biomantic Mastery
1,Sage-Eye Avengers
4,Darksteel Juggernaut
11,Skullwinder
2,Phylactery Lich
5,Glissa Sunseeker
1,Aradara Express
1,Blighted Fen
1,Orc Sureshot
1,Dwynen Gilt-Leaf Daen
1,River Kelpie
2,Maul Splicer
2,Domestication
2,Neurok Invisimancer
1,Golgari Keyrune
1,Skarrg Goliath
1,Siege Dragon
3,Captain of the Mists
3,Armadillo Cloak
1,Devout Monk
1,Forlorn Pseudamma
17,Tranquil Thicket
1,Abolish
1,Fault Line
1,Ballot Broker
1,Drogskol Captain
1,Enslave
2,Conduit of Ruin
3,Enclave Cryptologist
1,Sift Through Sands
1,Serene Sunset
4,Mountain Valley
1,Sylvok Lifestaff
6,Magus of the Wheel
3,Nissa's Renewal
1,Elf Replica
1,Vesuva
1,Bonehoard
2,Thelonite Hermit
3,Fecundity
5,Attended Knight
1,Gallows at Willow Hill
4,Turntimber Ranger
1,Darksteel Forge
2,Cauldron of Souls
7,Norn's Annex
2,Forbidden Alchemy
1,Cloudform
2,Grave Scrabbler
2,Dragon Mantle
4,Gorgon Flail
1,Recall
1,Mycoid Shepherd
1,Root Out
1,Stoic Rebuttal
3,Stolen Goods
8,Mask of Memory
1,Dwarven Pony
1,Repel Intruders
1,Bassara Tower Archer
1,Genju of the Fens
1,Overtaker
1,Dawnbringer Charioteers
1,Anguished Unmaking
2,Ruthless Deathfang
4,Orbs of Warding
1,Preeminent Captain
1,Elvish Farmer
2,Bloodhusk Ritualist
1,Bearer of the Heavens
1,Voidmage Apprentice
2,Relic Seeker
1,Mindmoil
1,Legion's Initiative
3,Into the Roil
3,Fuel for the Cause
3,Ivy Lane Denizen
1,Instigator Gang
2,Chain of Vapor
10,Deadeye Navigator
2,Tempt with Vengeance
1,Drown in Filth
1,Wirewood Symbiote
6,Callous Oppressor
1,Stoneshock Giant
1,Myr Galvanizer
3,Groundskeeper
2,Hex
1,Wirewood Channeler
1,Hellrider
1,Kismet
1,Spike Tiller
1,Dwarven Recruiter
5,Fiend Hunter
2,Kagemaro First to Suffer
1,Improvised Armor
1,Profaner of the Dead
1,Veteran Warleader
1,Keldon Halberdier
1,Rain of Salt
1,Nature's Lore
1,Nantuko Shade
8,Aqueous Form
6,Void Shatter
4,Aethersnatch
1,Thran Dynamo
3,Bloodspore Thrinax
3,Stonecloaker
1,Betrayal of Flesh
1,Vish Kal Blood Arbiter
2,Web of Inertia
1,Inquisitor's Snare
5,Mirror Match
1,Slice in Twain
1,Flooded Grove
2,Guile
1,Autochthon Wurm
1,Repay in Kind
2,Hypnotic Specter
1,Avarice Amulet
1,Scrounging Bandar
2,Noxious Ghoul
1,Quest for the Gravelord
1,Master of Cruelties
3,Foul Orchard
1,Opal Palace
2,Pack Rat
1,Golgari Brownscale
1,Dwarven Nomad
1,Avatar of the Resolute
1,Rhys the Redeemed
3,Tenacious Dead
2,Read the Bones
1,Ethersworn Adjudicator
1,Valakut the Molten Pinnacle
1,Mirrorwood Treefolk
1,Fanatic of Mogis
4,Sunpetal Grove
1,Shepherd of Rot
1,Mindslaver
4,Knight of the White Orchid
1,Fortuitous Find
2,Magus of the Disk
1,Cruel Ultimatum
1,Leap
3,Mikaeus the Lunarch
1,Riptide Laboratory
2,Gibbering Descent
3,Fierce Empath
2,Master Biomancer
1,Part the Waterveil
8,Rescue from the Underworld
1,Tectonic Rift
5,Open the Vaults
1,Titan Forge
1,Fortitude
2,Library of Leng
1,Caustic Caterpillar
4,Empty the Warrens
2,Haunted Dead
3,Ankle Shanker
1,Sek'Kuar Deathkeeper
3,Experiment One
2,Oran-Rief Hydra
1,Dragonmaster Outcast
1,Nissa's Revelation
2,Warped Landscape
6,Izzet Chronarch
3,Cloudgoat Ranger
1,Gavony Township
3,Windreader Sphinx
8,Shielded by Faith
1,Grazing Gladehart
3,Borborygmos Enraged
1,Mist Raven
1,Pirate Ship
1,Plague Wind
1,Armillary Sphere
4,Horizon Chimera
1,Heartless Summoning
4,Guttersnipe
1,Wolfir Silverheart
2,Midnight Scavengers
8,Open the Armory
1,Mothdust Changeling
1,Gravestorm
1,Sphinx of Magosi
1,Skyscribing
2,Serpent Skin
2,Seal of Doom
1,Oath of Mages
1,Silvergill Douser
1,Muddle the Mixture
13,Loxodon Warhammer
2,Titania's Chosen
2,Reckless Bushwhacker
1,Mindleech Mass
1,Shifting Wall
1,Maro
1,Llanowar Wastes
5,Dimir Doppelganger
13,Profane Command
1,Siren of the Fanged Coast
1,Penumbra Spider
1,Ruin Processor
2,Yidris Maelstrom Wielder
3,Act of Authority
8,Krosan Grip
1,Palinchron
1,Hedron Alignment
2,Endbringer
1,Scourge of Geier Reach
1,Reach of Branches
3,Treasure Mage
7,Nighthowler
19,Blossoming Sands
2,Keiga the Tide Star
3,Gild
2,Suppression Field
5,Teysa Envoy of Ghosts
1,Sensation Gorger
1,Wakedancer
2,Spellheart Chimera
29,Dimir Aqueduct
1,Savage Punch
1,Dragon Whisperer
1,Fiendslayer Paladin
2,Moorland Haunt
3,Ghostblade Eidolon
2,Renegade Krasis
1,Umara Raptor
4,Exsanguinate
4,Victim of Night
1,Expunge
1,Broken Concentration
1,Archangel of Thune
24,Secluded Steppe
7,Knight-Captain of Eos
4,Sylvan Offering
1,Stab Wound
1,Sadistic Hypnotist
2,Necromancer's Stockpile
5,Feldon of the Third Path
1,Price of Knowledge
3,Krenko's Command
2,Resolute Blademaster
1,Chaos Lord
1,Sluggishness
2,Novijen Sages
1,Goliath Sphinx
1,Starfield of Nyx
3,Gorgon's Head
1,Greenweaver Druid
4,Call the Skybreaker
23,Rugged Highlands
3,Artful Dodge
2,Time Reversal
4,Managorger Hydra
1,Tolarian Emissary
2,Borborygmos
2,Realm Seekers
1,Restoration Gearsmith
1,Plaxcaster Frogling
5,Blood Artist
1,Wall of Omens
2,Obsidian Battle-Axe
2,Wild Guess
1,Silumgar Spell-Eater
54,Rupture Spire
1,Plaxmanta
1,Freyalise Llanowar's Fury
5,Giant Adephage
2,Avacyn's Collar
3,Altered Ego
1,Wellwisher
1,Nevermaker
1,Conclave Naturalists
3,Searing Wind
1,Artisan's Sorrow
6,Soul of the Harvest
4,War Priest of Thune
2,Mirrodin's Core
1,Messenger's Speed
2,Plague Myr
18,Bloodfell Caves
20,Forgotten Cave
12,Garruk's Packleader
1,Izzet Guildmage
3,Solemn Offering
2,Psychotrope Thallid
5,Catalog
1,Crucible of Fire
1,Hateflayer
3,Hada Freeblade
2,Growth Spasm
2,Rhystic Study
1,Final Punishment
1,Salivating Gremlins
23,Scoured Barrens
4,Lotus-Eye Mystics
3,Xenograft
3,Encroaching Wastes
3,Darksteel Sentinel
20,Explosive Vegetation
8,Bane of Progress
2,Workhorse
4,Coldsteel Heart
4,Wort the Raidmother
1,Protector of the Crown
3,Rooftop Storm
7,Merciless Eviction
2,Angel of Despair
1,Ruination
1,Gruul War Chant
1,Dwarven Warriors
5,Fatestitcher
2,Arcbond
1,Nezumi Graverobber
1,Sea God's Revenge
1,Butcher's Glee
1,Dark Withering
5,Angelic Arbiter
1,Condescend
1,Fallen Ideal
1,Glasses of Urza
1,Sewer Nemesis
17,Farhaven Elf
1,Makeshift Mannequin
2,Treasure Keeper
1,Rumbling Slum
2,Arashi the Sky Asunder
2,Seething Anger
3,Bad River
3,Austere Command
3,Devout Invocation
1,Broodstar
1,Scourge of Valkas
5,Chainer Dementia Master
1,Ghosthelm Courier
1,Vizkopa Confessor
2,Blind Obedience
5,Champion of Lambholt
1,Kolaghan Forerunners
1,Enlistment Officer
2,Zealous Conscripts
1,Cephalid Coliseum
1,Wayward Servant
1,Abyssal Gatekeeper
4,Font of Return
1,Crusader of Odric
2,Tajuru Warcaller
2,Ophidian Eye
2,Figure of Destiny
5,Hydra Broodmaster
1,Afterlife
1,Ink Dissolver
1,Plumeveil
1,Gisa and Geralf
19,Selesnya Sanctuary
1,Outrage Shaman
1,Jade Monolith
5,Peregrination
1,Rocky Tar Pit
8,Palladium Myr
4,Savageborn Hydra
1,Consign to Dust
4,Devastation Tide
1,Hundred-Handed One
6,Heliod's Pilgrim
1,Shaman of Forgotten Ways
1,Tablet of the Guilds
2,Hidden Strings
1,Bubbling Cauldron
1,Endless Cockroaches
1,Earthblighter
1,Sword of Kaldra
1,Shizo Death's Storehouse
1,Thousand Winds
7,Spirit Loop
2,Timber Gorge
1,Devastating Summons
1,Curse of the Bloody Tome
1,Deceiver of Form
1,Azorius Charm
2,Exclude
2,Gilded Lotus
2,Frostwind Invoker
7,Vivid Crag
8,Pawn of Ulamog
1,Retreat to Coralhelm
1,Darksteel Myr
1,Foundry Champion
7,Fog Bank
1,Compulsive Research
1,Mindwrack Liege
2,Bazaar Trader
1,Scythe of the Wretched
1,The Gitrog Monster
1,Covenant of Minds
1,Trophy Mage
5,Esper Panorama
1,Nimble Innovator
2,Echoing Truth
5,Avatar of Woe
2,Flamekin Village
3,Ghoulcaller Gisa
7,Totem-Guide Hartebeest
1,Mark for Death
5,Boros Charm
1,Mikaeus the Unhallowed
1,Doomgape
1,Weirding Shaman
1,Trusty Machete
1,Kujar Seedsculptor
2,Cadaver Imp
2,Cathartic Reunion
1,Sakiko Mother of Summer
1,Collective Voyage
2,Izzet Cluestone
1,Midnight Recovery
1,Hinterland Harbor
1,Crush of Tentacles
1,Bone Harvest
6,Rapid Hybridization
2,Gift of Estates
1,Jalira Master Polymorphist
2,Dragonlair Spider
4,Belbe's Portal
4,Dragon Fodder
4,Beast of Burden
5,Act of Aggression
7,Kazuul Tyrant of the Cliffs
1,Satyr Grovedancer
13,Blue Sun's Zenith
1,Silas Renn Seeker Adept
1,Dreadwaters
1,Tempting Wurm
3,Glissa the Traitor
1,Masked Admirers
7,Fact or Fiction
1,Marchesa's Decree
20,Diabolic Tutor
11,Archetype of Endurance
1,Mossbridge Troll
2,Seek the Horizon
1,Rattleclaw Mystic
1,Upwelling
1,Migratory Route
6,Goblin Rally
1,Scrubland
2,Sleep
6,Charmbreaker Devils
3,Vampire Nighthawk
1,Fate Unraveler
2,Trygon Predator
17,Staff of Nin
2,Specter's Shroud
